-- phpMyAdmin SQL Dump
-- version 5.2.1
-- https://www.phpmyadmin.net/
--
-- Servidor: localhost:3306
-- Tiempo de generación: 10-05-2025 a las 12:52:49
-- Versión del servidor: 8.0.30
-- Versión de PHP: 8.2.18

SET SQL_MODE = "NO_AUTO_VALUE_ON_ZERO";
START TRANSACTION;
SET time_zone = "+00:00";


/*!40101 SET @OLD_CHARACTER_SET_CLIENT=@@CHARACTER_SET_CLIENT */;
/*!40101 SET @OLD_CHARACTER_SET_RESULTS=@@CHARACTER_SET_RESULTS */;
/*!40101 SET @OLD_COLLATION_CONNECTION=@@COLLATION_CONNECTION */;
/*!40101 SET NAMES utf8mb4 */;

--
-- Base de datos: `tienda2025`
--

-- --------------------------------------------------------

--
-- Estructura de tabla para la tabla `categorias`
--

CREATE TABLE `categorias` (
  `idcategoria` int NOT NULL,
  `idestatus` int NOT NULL,
  `nombre` varchar(50) CHARACTER SET utf8mb4 COLLATE utf8mb4_0900_ai_ci NOT NULL,
  `descripcion` varchar(150) NOT NULL
) ENGINE=InnoDB DEFAULT CHARSET=utf8mb4 COLLATE=utf8mb4_0900_ai_ci;

--
-- Volcado de datos para la tabla `categorias`
--

INSERT INTO `categorias` (`idcategoria`, `idestatus`, `nombre`, `descripcion`) VALUES
(1, 1, 'Electrodomésticos', 'Aparatos eléctricos para uso doméstico como refrigeradores, lavadoras y microondas'),
(2, 1, 'Deportes', 'Equipamiento deportivo, indumentaria y accesorios para actividades físicas'),
(3, 1, 'Helados y Postres', 'Productos congelados y dulces postres incluyendo helados, pasteles y flanes'),
(4, 1, 'Papelería', 'Material de oficina y escolar: cuadernos, lápices, tintas y papelería en general'),
(5, 1, 'Automotriz', 'Componentes mecánicos, herramientas y repuestos para vehículos automotores');

-- --------------------------------------------------------

--
-- Estructura de tabla para la tabla `estatus`
--

CREATE TABLE `estatus` (
  `idestatus` int NOT NULL,
  `nombre` varchar(50) CHARACTER SET utf8mb4 COLLATE utf8mb4_0900_ai_ci NOT NULL
) ENGINE=InnoDB DEFAULT CHARSET=utf8mb4 COLLATE=utf8mb4_0900_ai_ci;

--
-- Volcado de datos para la tabla `estatus`
--

INSERT INTO `estatus` (`idestatus`, `nombre`) VALUES
(1, 'Activo'),
(2, 'Inactivo');

-- --------------------------------------------------------

--
-- Estructura de tabla para la tabla `productos`
--

CREATE TABLE `productos` (
  `idproducto` int NOT NULL,
  `idestatus` int NOT NULL,
  `idcategoria` int NOT NULL,
  `nombre` varchar(150) DEFAULT NULL,
  `precio` double DEFAULT NULL,
  `stock` int DEFAULT NULL,
  `imagen` varchar(50) DEFAULT NULL,
  `descripcion` text CHARACTER SET utf8mb4 COLLATE utf8mb4_0900_ai_ci
) ENGINE=InnoDB DEFAULT CHARSET=utf8mb4 COLLATE=utf8mb4_0900_ai_ci;

--
-- Volcado de datos para la tabla `productos`
--

INSERT INTO `productos` (`idproducto`, `idestatus`, `idcategoria`, `nombre`, `precio`, `stock`, `imagen`, `descripcion`) VALUES
(2, 2, 1, 'Ventilador Recargable de 16\" V916RS Universal Royal', 89.12, 90, 'UM6Z2gyjPN.jpg', 'Ventilador recargable con diseño compacto y batería de larga duración. Ideal para mantenerte fresco en interiores y exteriores.'),
(3, 1, 1, 'Ventilador Recargable 3 en 1 IU-2302114 Universal Royal', 60.83, 51, 'G33p2N8C60.jpg', 'Ventilador recargable 3 en 1, versátil y portátil, perfecto para cualquier espacio.'),
(4, 1, 1, 'Ventilador Recargable KL-118 Color Blanco Roccia', 86.52, 51, '-RxR-L8SVQ.jpg', 'Ventilador recargable color blanco con diseño moderno y eficiente flujo de aire.'),
(5, 1, 1, 'Ventilador 18\" Color Verde Fm', 31.09, 51, 'ZUzbwITedw.jpg', 'Ventilador de 18 pulgadas color verde, potente y silencioso para uso diario.'),
(6, 1, 1, 'Arrocera Multiusos 10 Tazas 4729 Oster 1.8L', 55.15, 51, 'dE6LQA2y7y.jpg', 'Arrocera multiusos Oster con capacidad para 10 tazas y 1.8 litros, fácil de usar y limpiar.'),
(7, 1, 1, 'Arrocera Multiuso 2.4L 24 tazas RC55O Black+Decker', 54.61, 51, 'NkfSsZpwLf.jpg', 'Arrocera multiuso Black+Decker de 2.4L y 24 tazas, ideal para grandes familias.'),
(8, 1, 1, 'Licuadora 2 Velocidades BL-778 Sankey', 35.15, 51, 'S1KOwppPzF.jpg', 'Licuadora con 2 velocidades, cuchillas de acero inoxidable y jarra resistente para uso diario.'),
(9, 1, 1, 'Licuadora con Jarra de Vidrio 2 Velocidades BLSTKAP-WRD-013 Oster', 48.67, 52, 'TGt9Br_F6X.jpg', 'Licuadora con jarra de vidrio, 2 velocidades, práctica y duradera.'),
(10, 1, 1, 'Licuadora Durapro 1.25L 550W BLBD210GR Black + Decker', 54.08, 51, 'sPFw2f6C2m.jpg', 'Licuadora Durapro de 1.25L y 550W, potente y duradera para todas tus recetas.'),
(11, 1, 1, 'Cuchilla Licuadora Vidrio-p BL2010WP-07LA', 5.39, 52, 'GP_4PCHuWz.jpg', 'Cuchilla para licuadora de vidrio, compatible y resistente para un rendimiento óptimo.'),
(12, 1, 1, 'Licuadora Personal ELEC-008 Sky Home', 24.33, 52, '7Mv_FF-YgY.jpg', 'Licuadora personal compacta, ideal para batidos y jugos rápidos.'),
(13, 1, 1, 'Licuadora 1.5L 550W BLBD210PP Black + Decker', 43.26, 51, 'wAPtI7UptN.jpg', 'Licuadora de 1.5L y 550W, diseño eficiente para el hogar.'),
(14, 1, 1, 'Licuadora con Jarra de Vidrio 2 Velocidades BLSTKAG-BRD-013 Oster', 51.92, 52, '3uaXHX0eoU.jpg', 'Licuadora con jarra de vidrio, 2 velocidades, práctica y duradera.'),
(15, 1, 1, 'Licuadora 2 Velocidades BLSTKAG-RPB-013 Oster', 49.74, 51, 'sMAS01lMdf.jpg', 'Licuadora con 2 velocidades, diseñada para preparar todo tipo de mezclas.'),
(16, 1, 1, 'Cafetera Greca 3 Tazas CBS-300 Violeta High Quality', 8.14, 51, 'Bgd6K6lB8A.jpg', 'Cafetera Greca para 3 tazas color violeta, sabor intenso y aroma tradicional.'),
(17, 1, 1, 'Cafetera Greca 3 Tazas CBS-300 Azul High Quality', 8.14, 52, 'npc0xVxFnx.jpg', 'Cafetera Greca para 3 tazas color azul, diseño compacto y funcional.'),
(18, 1, 1, 'Tostadora Placas Profundas SM24520 Black+Decker', 28.9, 51, '7U3xwD_eFM.jpg', 'Tostadora Black+Decker con placas profundas para tostar pan y bagels fácilmente.'),
(19, 1, 1, 'Horno Eléctrico Beige TO-10 BV Sankey 10L', 56.78, 51, 'Y1DBmbhdQk.jpg', 'Horno eléctrico beige de 10 litros, compacto y eficiente para tu cocina.'),
(20, 1, 1, 'Horno Eléctrico Negro TO-13 Sankey 10L', 63.54, 51, '9xrDqC2r9l.jpg', 'Horno eléctrico negro de 10 litros, diseño moderno y funcional.'),
(21, 1, 1, 'Batidora de Pedestal 5 Velocidades ELEC-003 Sky Home', 24.33, 51, 'Npu4hDejv-.jpg', 'Batidora de pedestal con 5 velocidades, potente y versátil para repostería.'),
(22, 1, 1, 'Plancha Eléctrica a Vapor CHPLV-7DEA Contihome', 17.57, 51, 'pm_OHyo-o7.jpg', 'Plancha eléctrica a vapor Contihome, elimina arrugas con facilidad y cuida tus prendas.'),
(23, 1, 1, 'Horno Tostador Oster 10L', 70.97, 51, 'M0AZ1Frq-U.jpg', 'Horno tostador Oster de 10 litros, ideal para tostar y hornear pequeñas porciones.'),
(24, 1, 1, 'Acople con Cuadrante para Licuadora BLSTAC-KIT-011 Oster', 4.59, 52, '4tAfOTdPv6.jpg', 'Acople con cuadrante para licuadora, accesorio resistente y compatible.'),
(25, 1, 1, 'Sandwichera Compacta Oster', 33.17, 51, 'a1pvN8DsgC.jpg', 'Sandwichera compacta Oster, práctica para preparar sandwiches calientes rápidamente.'),
(26, 1, 1, 'Balanza Digital 20003A Personal Scale 150kg/180kg', 15.01, 52, 'HJRwAIdWaf.jpg', 'Balanza digital personal con capacidad hasta 180kg, diseño compacto y preciso.'),
(27, 1, 1, 'Licuadora 1.25L 550W BLBD210GW Black + Decker', 54.08, 51, 'euzLYQ0TGB.jpg', 'Licuadora de 1.25L y 550W, potente y eficiente para uso diario.'),
(28, 1, 1, 'Batidora de Mano ELEC-004 Sky Home', 18.93, 51, 'Ea3Xdv7RNA.jpg', 'Batidora de mano Sky Home, ligera y con múltiples velocidades para preparar tus recetas.'),
(29, 1, 1, 'Batidora de Mano de 5 Velocidades MX400B-T Black + Decker', 35.69, 51, 'IX-qoLpk9q.jpg', 'Batidora de mano con 5 velocidades, potente y ergonómica para uso cómodo.'),
(30, 1, 1, 'Licuadora Active Duo ELEC-009 Sky Home', 24.33, 52, 'N8jbh6g_3h.jpg', 'Licuadora Active Duo, diseño compacto con funciones versátiles.'),
(31, 1, 1, 'Plancha a Vapor GCSTBS5002-013 Oster', 22.17, 51, 'EqrQPUWNwu.jpg', 'Plancha a vapor Oster, eficiente y fácil de usar para eliminar arrugas.'),
(32, 1, 1, 'Plancha a Vapor GCSTBS5003-013 Oster', 22.17, 51, 'Q9Y76KcNJV.jpg', 'Plancha a vapor Oster, diseño moderno con suela antiadherente.'),
(33, 1, 1, 'Base Móvil de Pared para Televisor de 32\" a 60\" Pickens', 92.7, 52, 'HZM0Y1umo1.jpg', 'Base móvil de pared para TV de 32\" a 60\", instalación segura y ajustable.'),
(34, 1, 1, 'Base Móvil de Pared para Televisor de 10\" a 26\" Pickens', 23.18, 52, 'iI69xbpV3j.jpg', 'Base móvil de pared para TV de 10\" a 26\", ideal para espacios pequeños.'),
(35, 1, 1, 'Base Fija de Pared para Televisor de 32\" a 65\" Pickens', 54.08, 52, 'Lmj9LO2dly.jpg', 'Base fija de pared para TV de 32\" a 65\", resistente y fácil de instalar.'),
(36, 1, 1, 'Base Móvil de Pared para Televisor de 32\" a 47\" Pickens', 43.26, 52, 'XWfmrfszFo.jpg', 'Base móvil de pared para TV de 32\" a 47\", diseño compacto y funcional.'),
(37, 1, 1, 'Licuadora 2 Molinos Black + Decker BLBD210GB-2G', 55.43, 51, '0WWnAG7Iaj.png', 'Licuadora con 2 molinos, potente y versátil para diversas preparaciones.'),
(38, 1, 1, 'Lonchera Electrica Color Azul AZ7347 Century', 17.57, 51, '1RaHUBdLua.jpg', 'Lonchera eléctrica color azul, práctica para mantener alimentos calientes.'),
(39, 1, 1, 'Lonchera Electrica Color Naranja AZ7347 Century', 17.57, 51, 'jJtYEX5pcd.jpg', 'Lonchera eléctrica color naranja, diseño compacto y eficiente.'),
(40, 1, 1, 'Abrelatas Extra Grande Color Negro 76372 Sure Cut Hamilton Beach', 21.62, 51, 'VYaaUxbrqd.jpg', 'Abrelatas extra grande color negro, fácil de usar y duradero.'),
(41, 1, 1, 'Procesador de Alimento ELEC-006 Sky Home', 24.33, 51, '51Jy46BuCK.jpg', 'Procesador de alimentos Sky Home, multifuncional y eficiente para la cocina.'),
(42, 1, 1, 'Tostador 2 Rebanadas Blanco Guttlem', 34.6, 51, 'cP80vS9Yqe.jpg', 'Tostador para 2 rebanadas, diseño compacto y fácil de usar.'),
(43, 1, 1, 'Batidora 5 Velocidades Blanca Black + Decker MX1500W', 26.9, 51, 'OY7bVKiRwG.jpg', 'Batidora con 5 velocidades, blanca y potente para uso doméstico.'),
(44, 1, 2, 'Banda de Resistencia Rojo Everlast 12mm', 21.21, 51, 'ixpVSX5ZNP.jpg', 'Banda de resistencia roja Everlast de 12mm, ideal para entrenamiento y rehabilitación.'),
(45, 1, 2, 'Banda de Resistencia Morado Everlast', 32.53, 52, 'xs34-ZlR7Z.jpg', 'Banda de resistencia morada Everlast, resistente y flexible para ejercicios variados.'),
(46, 1, 2, 'Liga de Resistencia Superior Rosado Everlast', 14.63, 51, 'EgF4_6-QKF.jpg', 'Liga de resistencia superior rosada Everlast, para tonificación y fuerza muscular.'),
(47, 1, 2, 'Bloque para Yoga Negro Premium Everlast', 20.21, 52, 'Y0yIziqiP-.jpg', 'Bloque para yoga negro premium Everlast, soporte firme para posturas.'),
(48, 1, 2, 'Bloque para Yoga Morado Premium Everlast', 20.21, 52, 'Y6h0-oYwOq.jpg', 'Bloque para yoga morado premium Everlast, cómodo y duradero.'),
(49, 1, 2, 'Liga de Resistencia Superior Azul Everlast', 14.63, 51, 'kA-LAqx9QS.jpg', 'Liga de resistencia superior azul Everlast, para entrenamiento funcional.'),
(50, 1, 2, 'Banda Tonificadora Everlast', 20.08, 51, 'pklp8FYx0h.jpg', 'Banda tonificadora Everlast, perfecta para ejercicios de fuerza y rehabilitación.'),
(51, 1, 2, 'Pelota de Parking para Beisbol MLBP 2019 Rawlings 1 Und', 5, 55, '7DoaNgs5y2.jpg', 'Pelota de parking para béisbol Rawlings MLBP 2019, alta calidad y durabilidad.'),
(52, 1, 2, 'Tripa de Bicicleta Rin 26\"', 8.11, 51, 'KtDyRpl5eP.jpg', 'Tripa para bicicleta rin 26\", resistente y fácil de instalar.'),
(53, 1, 2, 'Tripa de Bicicleta Rin 29\"', 8.11, 51, 'kZD3ZSJDSm.jpg', 'Tripa para bicicleta rin 29\", duradera y compatible con varios modelos.'),
(54, 1, 2, 'Protector Bucal Sencillo para Adulto con Estuche Runic', 3.38, 53, 'n2qtbas6c9.jpg', 'Protector bucal sencillo para adulto con estuche, cómodo y seguro.'),
(55, 1, 2, 'Mat para Yoga Roja Everlast 6mm', 26.65, 52, 'Jp9ome5Sbz.jpg', 'Mat para yoga roja Everlast de 6mm, acolchado y antideslizante para mayor confort.'),
(56, 1, 2, 'Ruedas de Ejercicios para Hacer Abdominales Everlast', 42.79, 52, 'YTZ_wQj8OZ.jpg', 'Ruedas de ejercicios para abdominales Everlast, fortalece tu core con facilidad.'),
(57, 1, 2, 'Mat para Yoga Everlast 15mm', 45.54, 52, 'pOA6MedYvv.jpg', 'Mat para yoga Everlast de 15mm, extra acolchado para mayor comodidad.'),
(58, 1, 2, 'Termo de acero Inoxidable Black Matterhorn Contigo 20 Oz', 18.75, 51, 'IbeC0n4mpL.jpg', 'Termo de acero inoxidable Black Matterhorn Contigo, mantiene bebidas calientes o frías por horas.'),
(59, 1, 2, 'Termo de Acero Inoxidable Merlot Cortland Contigo 24 Oz', 28.26, 51, 'zNy6j4aPHy.jpg', 'Termo de acero inoxidable Merlot Cortland Contigo, diseño elegante y funcional.'),
(60, 1, 2, 'Pelotas de Tenis 8und', 22.93, 52, 'wUoYj2OoBt.jpg', 'Pelotas de tenis, paquete de 8 unidades para entrenamiento y juego recreativo.'),
(61, 1, 2, 'Pelota de Tenis Championship Penn 3 Und', 11.61, 51, 'BcyK9lZvTg.jpg', 'Pelotas de tenis Championship Penn, paquete de 3 unidades para juego profesional.'),
(62, 1, 2, 'Mini Bandas Elásticas de Resistencias Everlast 3Und', 20.93, 55, 'f62_XOyWs3.jpg', 'Mini bandas elásticas de resistencia Everlast, paquete de 3 unidades para entrenamiento funcional.'),
(63, 1, 2, 'Venda de Boxeo Azul Everlast 4.5m', 15.8, 52, '6aY8C2LTfI.jpg', 'Venda de boxeo azul Everlast de 4.5 metros, protección y soporte para tus manos.'),
(64, 1, 2, 'Banda Elástica Moderada para Piernas Medium EVHP0W038 Everlast', 21.21, 51, 'xpI_tpkxO3.jpg', 'Banda elástica moderada para piernas Medium Everlast, ideal para tonificación y rehabilitación.'),
(65, 1, 2, 'Mat de Yoga 6mm Grosor Purpura Kimbow', 26.65, 52, 'pCCB-49VVu.jpg', 'Mat de yoga 6mm grosor púrpura Kimbow, cómodo y duradero para tus prácticas.'),
(66, 1, 2, 'Kit Bandas Elástica de Tela 05- 63580 Gaiam Restore 2 Und', 27.04, 51, 's2iz1GtMoR.jpg', 'Kit de bandas elásticas de tela Gaiam Restorative, para ejercicios de resistencia y recuperación.'),
(67, 1, 2, 'Mat de Yoga 6mm Grosor Everlast Purpura', 26.65, 51, 'PgGCKDQIVT.jpg', 'Mat de yoga 6mm grosor Everlast púrpura, antideslizante y acolchado.'),
(68, 1, 2, 'Mat de Yoga 6mm Grosor Rosado EVYM664 Everlast', 34.31, 55, 'yZ9PwQJAVH.jpg', 'Mat de yoga 6mm grosor rosado Everlast, ideal para ejercicios y estiramientos.'),
(69, 1, 2, 'Mat de Yoga 6mm Grosor Azul Celeste Kimbow', 29.67, 51, 'Tp5Sqa86WH.jpg', 'Mat de yoga 6mm grosor azul celeste Kimbow, resistente y cómodo.'),
(70, 1, 2, 'Bandas de Resistencia Largas Everlast 3 Und', 20.14, 52, 'EPCVDux8jp.jpg', 'Bandas de resistencia largas Everlast, paquete de 3 unidades para entrenamiento avanzado.'),
(71, 1, 2, 'Soga de Saltar de Acero Everlast 3.35m', 17.52, 52, 'I3U2Wq9lfp.jpg', 'Soga de saltar de acero Everlast de 3.35m, resistente y ajustable para cardio.'),
(72, 1, 2, 'Ruedas de Ejercicios para Hacer Abdominales AB Roller', 38.19, 51, 'dC3iV530YZ.jpg', 'Ruedas de ejercicios para abdominales AB Roller, fortalece tu core y mejora la postura.'),
(73, 1, 2, 'Gym Ball Everlast 75cm', 34.51, 51, 'iu_C69pR0G.jpg', 'Gym Ball Everlast de 75cm, balón de ejercicio para tonificación y equilibrio.'),
(74, 1, 2, 'Aro de Pilates 38cm Everlast', 30.2, 52, '7yz09FBUou.jpg', 'Aro de Pilates de 38cm Everlast, accesorio para tonificar y estirar músculos.'),
(75, 1, 2, 'Set de Bandas Elásticas Kimbow 5 Und', 24.75, 51, '9B3sj73TbJ.jpg', 'Set de bandas elásticas Kimbow, paquete de 5 unidades para entrenamiento funcional.'),
(76, 1, 2, 'Disco de Balance Everlast 33Cm', 28.97, 51, 'SRyvDRlwN4.jpg', 'Disco de balance Everlast de 33cm, mejora estabilidad y coordinación.'),
(77, 1, 2, 'Banda Tonificadora Morado Everlast', 20.74, 55, 'J7mA-9twBx.jpg', 'Banda tonificadora morado Everlast, ideal para ejercicios de resistencia.'),
(78, 1, 2, 'Soga Para Saltar Azul Kimbow', 16.43, 52, 'xn7X9NnJJG.jpg', 'Soga para saltar azul Kimbow, ligera y resistente para entrenamiento cardiovascular.'),
(79, 1, 2, 'Mat de Yoga 6mm Grosor Fucsia Kimbow', 26.65, 51, 'c6YKbQCBF1.jpg', 'Mat de yoga 6mm grosor fucsia Kimbow, acolchado y antideslizante para mayor confort.'),
(80, 1, 2, 'Bloque para Yoga Rosado Everlast', 8.48, 52, 'l5NobQX9RZ.jpg', 'Bloque para yoga rosado Everlast, soporte firme para posturas y estiramientos.'),
(81, 1, 2, 'Balón para Ejercicios Rosado Everlast 5 lb', 23.1, 52, 'iwLfF13Zj-.jpg', 'Balón para ejercicios rosado Everlast de 5 lb, ideal para tonificación y rehabilitación.'),
(82, 1, 2, 'Set De Ligas De Resistencia 3 en 1 Everlast', 33.99, 52, 'UGiZqgU7XB.jpg', 'Set de ligas de resistencia 3 en 1 Everlast, versátil para diferentes niveles de entrenamiento.'),
(83, 1, 2, 'Mat para Yoga Everlast 6 mm', 28.7, 52, 'IQk4qzmBUf.jpg', 'Mat para yoga Everlast de 6 mm, cómodo y duradero para tus prácticas diarias.'),
(84, 1, 2, 'Cinta kinesiológica Rosa 25 x 5 cm Go Plus 4 Tiras', 4.87, 51, 'UUY5C_leUt.jpg', 'Cinta kinesiológica rosa Go Plus, paquete de 4 tiras para soporte muscular y articular.'),
(85, 1, 2, 'Equipo de Entrenamiento para Pierna Colores Variado AP-3393', 7.93, 52, 'xLqeJDroCN.jpg', 'Equipo de entrenamiento para pierna con colores variados, resistente y funcional.'),
(86, 1, 2, 'Visera Ajustable Blanco Nike', 37.85, 51, 'qsIGuj-AYt.jpg', 'Visera ajustable blanca Nike, cómoda y con diseño deportivo.'),
(87, 1, 2, 'Balón para Ejercicios Gris Everlast 8 lb', 30.2, 52, 'JBDM6frauR.jpg', 'Balón para ejercicios gris Everlast de 8 lb, ideal para tonificación y fuerza.'),
(88, 1, 2, 'Mancuerna Revestida de Vinil Everlast 2.27 Kg', 23.14, 52, '2WiDjQk4y2.jpg', 'Mancuerna revestida de vinil Everlast de 2.27 kg, ideal para entrenamiento de fuerza.'),
(89, 1, 2, 'Cuerdas para Raqueta Comfort 1.30mm Wilson 12.2m', 18.85, 52, 'UPmSuNSgIz.jpg', 'Cuerdas para raqueta Wilson de 1.30mm, paquete de 12.2 metros para reemplazo.'),
(90, 1, 2, 'Pelotas de Tenis Wilson 3 Und', 9.52, 52, 'I3A8tLKm9Q.jpg', 'Pelotas de tenis Wilson, paquete de 3 unidades para entrenamiento y juego.'),
(91, 1, 3, 'Helado de Brownie El Recreo 473ml', 3.35, 82, 'ULimtoWxea.jpg', 'Helado de brownie El Recreo 473ml, delicioso sabor y textura cremosa.'),
(92, 1, 3, 'Helado Cremoso Mante Chip Edmar 946ml', 4.93, 77, 'JBUKWKk7Jt.jpg', 'Helado cremoso Mante Chip Edmar 946ml, sabor intenso y textura suave.'),
(93, 1, 3, 'Helado BatiBati Tio Rico 115ml', 1.51, 90, 'QeOb8oiStJ.jpg', 'Helado BatiBati Tio Rico 115ml, ideal para un antojo rápido y refrescante.'),
(94, 1, 3, 'Helado de Almendras Magnum Tio Rico 100ml', 2.88, 67, 'm3t_iEDuuI.jpg', 'Helado de almendras Magnum Tio Rico 100ml, sabor premium y textura cremosa.'),
(95, 1, 3, 'Helado de Mantecado El Recreo 473ml', 3.05, 74, 'twJd7hY-vr.jpg', 'Helado de mantecado El Recreo 473ml, clásico sabor y textura cremosa.'),
(96, 1, 3, 'Conos para Barquillas sin Azúcar Dulces Coloridos 6 Und', 1.43, 67, 'dO-BSqh1_0.jpg', 'Conos para barquillas sin azúcar, dulces coloridos y crujientes para acompañar helados.'),
(97, 1, 3, 'Helado Cremoso Mantecado Edmar 946ml', 4.93, 67, 'Jp-gmxWpON.jpg', 'Helado cremoso mantecado Edmar 946ml, sabor tradicional y textura suave.'),
(98, 1, 3, 'Helado Clásico Magnum Tio Rico 100ml', 2.89, 66, 'xDy8ai0avv.jpg', 'Helado clásico Magnum Tio Rico 100ml, sabor intenso y textura cremosa.'),
(99, 1, 3, 'Helado de Uva El Recreo 473ml', 3.04, 58, 'O5_BgJM4LZ.jpg', 'Helado de uva El Recreo 473ml, sabor frutal y refrescante.'),
(100, 1, 3, 'Helado Sabor a Uva Helados y Postres el Recreo 150ml', 1.01, 59, '9kCqsM_FFZ.jpg', 'Helado sabor a uva Helados y Postres El Recreo 150ml, delicioso y refrescante.'),
(101, 1, 3, 'Quesillo A&M 1Kg Aprox', 7.14, 54, 's5sjdXFlOZ.jpg', 'Quesillo artesanal A&M de 1 kg, con textura suave y sabor tradicional, ideal para postres y acompañamientos.'),
(102, 1, 3, 'Helado Cornetto Chocolate Tio Rico 115ml', 2.67, 79, 'toOqMomv5Y.jpg', 'Helado Cornetto sabor chocolate, con crujiente barquillo y cobertura de chocolate, perfecto para un antojo dulce.'),
(103, 1, 3, 'Pack de Paletas Frutales María Paleta 4und', 5.09, 85, 'ghS9nMmRHI.jpg', 'Pack de 4 paletas frutales María, refrescantes y con sabores naturales para toda la familia.'),
(104, 1, 3, 'Helado Merengada Tio Rico 150ml', 1.73, 62, '-cj7caaQu0.jpg', 'Helado Merengada Tio Rico, cremoso y dulce, con sabor clásico que encanta a grandes y chicos.'),
(105, 1, 3, 'Helado Cremoso Torta Suiza Edmar 946ml', 4.93, 61, 'gDcPTj0pgD.jpg', 'Helado cremoso sabor Torta Suiza Edmar, con textura suave y sabor tradicional para disfrutar en cualquier momento.'),
(106, 1, 3, 'Helado de Chocolate El Recreo 473ml', 3.34, 65, 'LNG2VXFOFO.jpg', 'Helado de chocolate El Recreo, intenso y cremoso, elaborado con ingredientes de alta calidad.'),
(107, 1, 3, 'Helado de Pirulin Tio Rico 700ml', 7.97, 56, 'K7Bvk0WTN2.jpg', 'Helado sabor Pirulin Tio Rico, con trozos y sabor a chocolate y avellanas, delicioso y cremoso.'),
(108, 1, 3, 'Helado de Mantecado Efe 920ml', 10.23, 60, 'v7E4B6f7ty.jpg', 'Helado de mantecado Efe, clásico sabor y textura cremosa para los amantes del helado tradicional.'),
(109, 1, 3, 'Marquesa con Lluvia de Chocolate Brownchi 250g', 2, 51, 'SlM_6LB0iK.jpg', 'Marquesa Brownchi con lluvia de chocolate, postre delicioso y listo para disfrutar.'),
(110, 1, 3, 'Brownie original Sweetbrownie 115g', 1.57, 61, 'NNO6pRm4FV.jpg', 'Brownie Sweetbrownie original, con textura suave y sabor intenso a chocolate.'),
(111, 1, 3, 'Helado de Chocolate El Recreo 946ml', 6.33, 57, 'CIZQkAr4xd.jpg', 'Helado de chocolate El Recreo, cremoso y con sabor intenso para los amantes del chocolate.'),
(112, 1, 3, 'Helado Cremoso Chocolate Edmar 946ml', 4.93, 61, '4ldVsWzUcn.jpg', 'Helado cremoso sabor chocolate Edmar, textura suave y sabor delicioso.'),
(113, 1, 3, 'Helado Sabor a Stracciatella Helados y Postres el Recreo 150ml', 1.39, 58, 'L5Y3f9B8q9.jpg', 'Helado sabor Stracciatella, con trozos de chocolate y crema, ideal para paladares exigentes.'),
(114, 1, 3, 'Multipacks Magnum de Almendras Tio Rico 100ml 4und', 11.01, 54, 'PKPGArsSB1.jpg', 'Multipack de helados Magnum de almendras Tio Rico, paquete de 4 unidades, sabor premium.'),
(115, 1, 3, 'Helado de Coco Helados y Postres Carabobo 946ml', 5.57, 62, '7175muhth6.jpg', 'Helado de coco Helados y Postres Carabobo, cremoso y refrescante con sabor tropical.'),
(116, 1, 3, 'Helado Torta Suiza El Recreo 946ml', 6.33, 57, '38JsZCwc3k.jpg', 'Helado sabor Torta Suiza El Recreo, cremoso y delicioso, inspirado en el tradicional postre.'),
(117, 1, 3, 'Helado Sabor a Fresa Helados y Postres el Recreo 150ml', 1.01, 55, '3ExfXABlFV.jpg', 'Helado sabor fresa Helados y Postres El Recreo, fresco y dulce para disfrutar.'),
(118, 1, 3, 'Helado Cremoso Ron con Pasas Edmar 946ml', 4.93, 62, 'I7Undl_DqO.jpg', 'Helado cremoso sabor ron con pasas Edmar, con trozos de pasas maceradas en ron.'),
(119, 1, 3, 'Helado Trisabor Tio Rico 850ml', 8.84, 62, 'lSwsHLJHSX.jpg', 'Helado trisabor Tio Rico, combinación de sabores variados para todos los gustos.'),
(120, 1, 3, 'Conos para Barquillas Naturales con Azúcar 6 Und', 1.93, 72, '8jDD0P2_Sd.jpg', 'Conos para barquillas naturales con azúcar, paquete de 6 unidades, crujientes y dulces.'),
(121, 1, 3, 'Helado de Stracciatella El Recreo 473ml', 4.21, 54, '_JEwRH7uHX.jpg', 'Helado sabor Stracciatella El Recreo, con trozos de chocolate y crema, textura suave.'),
(122, 1, 3, 'Helado Jazz Tio Rico 160ml', 2.04, 73, 'nef2hfEQIz.jpg', 'Helado Jazz Tio Rico, sabor único y cremoso para los amantes del buen helado.'),
(123, 1, 3, 'Helado Cornetto Clásico Tio Rico 120ml', 2.67, 77, 'U9FGOUOjWq.jpg', 'Helado Cornetto clásico Tio Rico, con barquillo crujiente y cobertura de chocolate.'),
(124, 1, 3, 'Helado de Nucita Tio Rico 150ml', 1.88, 61, 't8D6zO__pe.jpg', 'Helado sabor Nucita Tio Rico, cremoso y dulce con sabor a chocolate y avellanas.'),
(125, 1, 3, 'Helado Sabor a Ron con Pasas Helados y Postres el Recreo 150ml', 1.08, 58, 'TBglKfZt1E.jpg', 'Helado sabor ron con pasas Helados y Postres El Recreo, cremoso y delicioso.'),
(126, 1, 3, 'Helado Tipo Sandwich Oreo 1 Und 80g', 4.34, 80, '_-MzGkXxiw.jpg', 'Helado tipo sándwich Oreo, 1 unidad de 80g, con galleta y crema deliciosa.'),
(127, 1, 3, 'Helado de Ron con Pasas Helados y Postres Carabobo 946ml', 5.57, 64, 'MzXS-b8Ab9.jpg', 'Helado sabor ron con pasas Helados y Postres Carabobo, cremoso y con trozos de pasas.'),
(128, 1, 3, 'Helado Trisabor Tio Rico 2L', 17.93, 60, 'XTzGkMYoMe.jpg', 'Helado trisabor Tio Rico, presentación de 2 litros, variedad de sabores en un solo envase.'),
(129, 1, 3, 'Helado Mantecado Tio Rico 435ml', 5.35, 55, 'oCY9Fbci8V.jpg', 'Helado mantecado Tio Rico 435ml, cremoso y con sabor tradicional.'),
(130, 1, 3, 'Brownie Con Galleta Y Chocolate Sweetbrownie 200g', 2.44, 56, 'm4-uZekqt8.jpg', 'Brownie con galleta y chocolate Sweetbrownie 200g, combinación perfecta para los amantes del dulce.'),
(131, 1, 3, 'Helado Cornetto de Fresa y vainilla Tío Rico 120ml', 2.64, 75, 'xDa7LPOMd4.jpg', 'Helado Cornetto de fresa y vainilla Tío Rico 120ml, sabor clásico y cremoso.'),
(132, 1, 3, 'Helado de Mantecado El Recreo 946ml', 5.6, 57, '0ssHxLVzO2.jpg', 'Helado de mantecado El Recreo 946ml, textura suave y sabor tradicional.'),
(133, 1, 3, 'Helado de Chocolate Intenso Magnum Tio Rico', 2.88, 79, 'WJT9RI2-LH.jpg', 'Helado de chocolate intenso Magnum Tio Rico, sabor premium y cobertura crujiente.'),
(134, 1, 3, 'Pack de Paletas Cremosas Maria Paleta 4und', 6.47, 66, 'LFbYSruVXv.jpg', 'Pack de 4 paletas cremosas María, variedad de sabores y textura suave.'),
(135, 1, 3, 'Pack de Paletas Rellenas Maria Paleta 4und', 7.39, 70, 'dk_6LnQUk0.jpg', 'Pack de 4 paletas rellenas María, deliciosas y con variedad de sabores.'),
(136, 1, 3, 'Helado de Oreo Tio Rico 700ml', 8, 55, '7LCdmmUI0I.jpg', 'Helado sabor Oreo Tio Rico 700ml, con trozos de galleta y crema deliciosa.'),
(137, 1, 3, 'Marquesa de Parchita Chocole´s 270g', 3.16, 57, '1BWTwsZPmI.jpg', 'Marquesa de parchita Chocole´s 270g, postre cremoso con sabor tropical.'),
(138, 1, 3, 'Ponque Marmoleado Decorado con Azucar Glasé Vanilla Bake 1Kg', 11.43, 53, '7fgWDsv1Bc.jpg', 'Ponqué marmoleado decorado con azúcar glasé y sabor a vainilla, ideal para celebraciones.'),
(139, 1, 3, 'Helado Chocolate Tio Rico 850ml', 9.11, 52, 'NbvjOqnlez.jpg', 'Helado Chocolate Tio Rico 850ml, cremoso y con sabor intenso a chocolate.'),
(140, 1, 3, 'Multipacks Helado Cornetto Clasico Tio Rico 120ml 4und', 10.42, 53, 'NJEcXBtC2v.jpg', 'Multipacks Helado Cornetto Clásico Tio Rico 120ml, variedad para compartir.'),
(141, 1, 3, 'Helado Pie de Limón Splendido 473ml', 10.14, 52, 'fnSCS4ATiL.jpg', 'Helado Pie de Limón Splendido 473ml, sabor fresco y cremoso con toque cítrico.'),
(142, 1, 3, 'Helado de Fresa Buzza 175ml', 1.29, 53, '9G-IPmK41X.jpg', 'Helado de fresa Buzza 175ml, cremoso y con sabor natural a fresa.'),
(143, 1, 3, 'Helado de Coco El Recreo 473ml', 4.21, 69, 'WILzVAMVgD.jpg', 'Helado de coco El Recreo 473ml, sabor tropical y textura cremosa.'),
(144, 1, 3, 'Helado de Vainilla y Pecans Splendido 473ml', 10.71, 53, 'teodqvHo5P.jpg', 'Helado de vainilla y pecans Splendido 473ml, cremoso con trozos de nuez.'),
(145, 1, 3, 'Helado de Uva El Recreo 946ml', 5.6, 57, 'lwtioJ4Fyo.jpg', 'Helado de uva El Recreo 946ml, sabor frutal y refrescante.'),
(146, 1, 3, 'Helado Sabor a Fior di Latte Helados y Postres el Recreo 150ml', 1.01, 62, '9-Tm5LJYQf.jpg', 'Helado sabor Fior di Latte Helados y Postres el Recreo, cremoso y delicado.'),
(147, 1, 3, 'Helado Dulce de Leche Splendido 473ml', 9.21, 54, 'KYfnIikiRc.jpg', 'Helado dulce de leche Splendido 473ml, textura suave y sabor auténtico.'),
(148, 1, 3, 'Helado Crema Al Fruto Rojo Splendido 473ml', 9.21, 53, 'vjPBcTE4iu.jpg', 'Helado crema al fruto rojo Splendido 473ml, sabor frutal y cremoso.'),
(149, 1, 3, 'Helado de Capuchino Buzza 175ml', 1.29, 54, 'RcKun4wKhK.jpg', 'Helado de capuchino Buzza 175ml, sabor intenso a café y textura cremosa.'),
(150, 1, 3, 'Helado Chocolate con Chispa de Chocolate Haagen-Dazs 414ml', 15.64, 51, 'vcUnV3SHfj.jpg', 'Helado chocolate con chispa de chocolate Haagen-Dazs, sabor premium y textura cremosa.'),
(151, 1, 3, 'Helado Ron con Pasas El Recreo 946ml', 6.35, 58, 'CvJoMVaRPn.jpg', 'Helado ron con pasas El Recreo 946ml, clásico sabor con trozos de pasas maceradas.'),
(152, 1, 3, 'Helado de Mantecado y Sirope de Chocolate El Recreo 473ml', 4.2, 53, 'kFdHiPd3tJ.jpg', 'Helado de mantecado y sirope de chocolate El Recreo, cremoso y delicioso.'),
(153, 1, 3, 'Helado Pastelado con Trozos de Galleta Oreo 1 Und 55g', 3.26, 55, 'qjbyMAbMJ6.jpg', 'Helado pastelado con trozos de galleta Oreo, 1 unidad, sabor irresistible.'),
(154, 1, 3, 'Helado de Sorbete de Limon Buzza 175ml', 1.29, 53, 'cy2_9VE1GS.jpg', 'Helado de sorbete de limón Buzza 175ml, refrescante y con sabor natural a limón.'),
(155, 1, 3, 'Helado Delicia de Coco Tío Rico 700cm³', 9.2, 54, 'h37YAf5LiA.jpg', 'Helado delicia de coco Tío Rico 700cm³, cremoso y con sabor tropical.'),
(156, 1, 3, 'Helado de Fresa El Recreo 946ml', 5.6, 61, 'Ky7-P3GfHG.jpg', 'Helado de fresa El Recreo 946ml, sabor fresco y cremoso.'),
(157, 1, 3, 'Helado Caramel Cone Haagen-Dazs 414ml', 15.64, 51, '4sdhji4WSS.jpg', 'Helado Caramel Cone Haagen-Dazs 414ml, sabor dulce con cobertura de caramelo.'),
(158, 1, 3, 'Helado de Mantecado con Sirope de Fresa El Recreo 473ml', 4.21, 59, 'JsUZoQln6O.jpg', 'Helado de mantecado con sirope de fresa El Recreo, cremoso y dulce.'),
(159, 1, 3, 'Helado de Cereza y Vainilla Haagen-Dazs 414ml', 15.36, 54, 'aC-kcQoLIc.jpg', 'Helado de cereza y vainilla Haagen-Dazs 414ml, sabor premium y cremoso.'),
(160, 1, 3, 'Helado de Vainilla y Almendras Suizas Haagen-Dazs 414ml', 15.64, 54, '8rtLdfypm0.jpg', 'Helado de vainilla y almendras suizas Haagen-Dazs, textura cremosa y sabor delicado.'),
(161, 1, 3, 'Helado de Crema de Limon Buzza 175ml', 1.29, 56, '9Jcjv85Pcv.jpg', 'Helado de crema de limón Buzza 175ml, sabor fresco y textura suave.'),
(162, 1, 3, 'Helado a Base de Leche de Coco Sin Azúcar de Parchita Vgan Fruit 500ml', 10, 55, 'pU8A5kgR0d.jpg', 'Helado a base de leche de coco sin azúcar de parchita, refrescante y saludable.'),
(163, 1, 3, 'Helado de Fresa La Argentina 700cm³', 5.15, 59, 'SUerUA_BIS.jpg', 'Helado de fresa La Argentina 700cm³, cremoso y con sabor natural.'),
(164, 1, 3, 'Helado de Ponche Navideño Efe 920ml', 10.12, 51, 'YVgpHP_3Hg.jpg', 'Helado de ponche navideño Efe 920ml, sabor tradicional y cremoso.'),
(165, 1, 3, 'Helado Mantecado Tio Rico 850ml', 8.91, 57, 'Mfxd2FdOg-.jpg', 'Helado mantecado Tio Rico 850ml, clásico y cremoso.'),
(166, 1, 3, 'Helado de Fresa Tio Rico 850g', 8.9, 51, 'lwFxhfW0aY.jpg', 'Helado de fresa Tio Rico 850g, fresco y dulce.'),
(167, 1, 3, 'Helado de Fresa Efe 920ml', 10.06, 51, 'hh6uzhlZIC.jpg', 'Helado de fresa Efe 920ml, sabor natural y textura cremosa.'),
(168, 1, 3, 'Helado de Toddy Efe 920ml', 10.12, 55, 'as2gFrGFaZ.jpg', 'Helado de Toddy Efe 920ml, sabor chocolate con malta, cremoso y delicioso.'),
(169, 1, 3, 'Helado de Ron con Pasas Efe 920ml', 10.43, 52, 'i4o9uDlNyd.jpg', 'Helado de ron con pasas Efe 920ml, clásico sabor con trozos de pasas.'),
(170, 1, 3, 'Pack de Paletas Premium Maria Paleta 4und', 8.79, 59, '0YZvUJWfkt.jpg', 'Pack de paletas premium María Paleta, variedad de sabores y textura cremosa.'),
(171, 1, 3, 'Helado Cremoso de Chocolate Efe 2L', 19.5, 52, '6n8YVIUsfF.jpg', 'Helado cremoso de chocolate Efe 2L, sabor intenso y textura suave.'),
(172, 1, 3, 'Helado de Coco Efe 920ml', 10.18, 53, '3hZrGQ9BPF.jpg', 'Helado de coco Efe 920ml, sabor tropical y cremoso.'),
(173, 1, 3, 'Churros Listo Para Freír Rora 20und.', 5.41, 51, 'JShDC6eF-Z.jpg', 'Churros listos para freír Rora, paquete de 20 unidades, crujientes y deliciosos.'),
(174, 1, 3, 'Ponque Vainilla Decorado con Azucar Glasé Vanilla Bake 400g', 5.71, 58, '2qSFNeqjys.jpg', 'Ponqué vainilla decorado con azúcar glasé Vanilla, esponjoso y delicioso.'),
(175, 1, 3, 'Quesillo de Moka Arpi´s 200ml', 2.86, 54, '1CtR8UQq34.jpg', 'Quesillo de moka Arpi´s 200ml, cremoso con sabor a café.'),
(176, 1, 3, 'Quesillo de Ponche Arpi´s 200ml', 2.86, 52, 'wGrB8ZzkZL.jpg', 'Quesillo de ponche Arpi´s 200ml, dulce y cremoso con sabor tradicional.'),
(177, 1, 3, 'Marquesa de Choco Mani Brownchi 230g', 2, 54, 'TcP0sDoQbB.jpg', 'Marquesa de choco maní Brownchi 230g, postre cremoso con sabor a chocolate y maní.'),
(178, 1, 3, 'Marquesa de Choco Chips Que Marquesas 180g', 8.47, 54, 'gdgwz_o6Ey.jpg', 'Marquesa de choco chips Que Marquesas 180g, textura suave con trozos de chocolate.'),
(179, 1, 3, 'Marquesa de Arequipe Que Marquesas 180g', 8.47, 54, '0ru5tNNx-H.jpg', 'Marquesa de arequipe Que Marquesas 180g, postre dulce con sabor tradicional.'),
(180, 1, 3, 'Marquesa de Cricri Que Marquesas 180g', 10.64, 53, 'XCaeYvo3aN.jpg', 'Marquesa de Cricri Que Marquesas 180g, textura cremosa y sabor delicioso.'),
(181, 1, 3, 'Alfajores con Relleno Mermelada de Guayaba La Dulce Vaquita 250g 12 Und', 4, 55, 'OtH_MoBIxI.jpg', 'Alfajores rellenos con mermelada de guayaba La Dulce, suaves y con sabor tradicional.'),
(182, 1, 3, 'Alfajores Relleno de Dulce de Leche La Dulce Vaquita 170g 8 Und', 2.71, 61, 'Nm2M1jRSsx.jpg', 'Alfajores rellenos de dulce de leche La Dulce Vaquita, textura suave y sabor dulce.'),
(183, 1, 3, 'Marquesa de Galleta Toddy Chocole´s 270g', 4.07, 54, 'YDCg6W_6ub.jpg', 'Marquesa de galleta Toddy Chocole´s 270g, postre cremoso con sabor a galleta.'),
(184, 1, 3, 'Marquesa de Arequipe Chocole´s 270g', 3, 53, 'NCC8Fx7uAI.jpg', 'Marquesa de arequipe Chocole´s 270g, postre dulce y cremoso.'),
(185, 1, 3, 'Marquesa con Cri Cri Brownchi 250g', 2.29, 52, 'WxD0px8G4G.jpg', 'Marquesa con Cri Cri Brownchi 250g, postre tradicional con sabor delicioso.'),
(186, 1, 3, 'Torta Red Velvet Anacaro Cake 1.20 Kg', 26.87, 51, 'ZmDxtCbfmY.jpg', 'Torta Red Velvet Anacaro Cake 1.20 Kg, esponjosa y con sabor clásico para celebraciones.'),
(187, 1, 3, 'Esencia de Kola La Pastelera 250ml', 2.07, 53, 'Bn09Bd8_th.jpg', 'Esencia de kola La Pastelera 250ml, aroma y sabor para repostería.'),
(188, 1, 3, 'Helado Trisabor Capricho Tio Rico 2L', 17.98, 54, 'XVmfgWmTn2.jpg', 'Helado trisabor Capricho Tio Rico 2L, variedad de sabores en un solo envase.'),
(189, 1, 3, 'Helado de Coco Magnum Tio Rico 100ml', 2.88, 73, 'W5lNn6oNIk.jpg', 'Helado de coco Magnum Tio Rico 100ml, cremoso y con sabor tropical.'),
(190, 1, 3, 'Helado de Fresa Haagen-Dazs 414ml', 15.36, 52, 'cU4u3vDdnx.jpg', 'Helado de fresa Haagen-Dazs 414ml, premium y cremoso, elaborado con ingredientes naturales.'),
(191, 1, 3, 'Helado Chocolate Extra El Recreo 946ml', 9.12, 64, 'H5N-giZZXW.jpg', 'Helado chocolate extra El Recreo 946ml, intenso y cremoso para los amantes del chocolate.'),
(192, 1, 3, 'Helado de Trufa con Frambuesa y Chocolate Blanco Haagen-Dazs 414ml', 15.64, 52, 'FgvxyWm_O1.jpg', 'Helado de trufa con frambuesa y chocolate blanco Haagen-Dazs, combinación gourmet y deliciosa.'),
(193, 1, 3, 'Helado de Paleta Triple Chocolate Tony Gelati 1 Und', 2.46, 56, 'qmOgxp7rUD.jpg', 'Helado de paleta triple chocolate Tony Gelati, 1 unidad, sabor intenso y cremoso.'),
(194, 1, 3, 'Helado de Mantecado con Sirope de Chocolate El Recreo 946ml', 7.84, 62, 'UlcqHulHFL.jpg', 'Helado de mantecado con sirope de chocolate El Recreo, cremoso y delicioso.'),
(195, 1, 3, 'Helado de Limon con Galletas Tio Rico 700cm³', 9.28, 56, 'vbq8euP8u-.jpg', 'Helado de limón con galletas Tio Rico 700cm³, sabor refrescante y textura cremosa.'),
(196, 1, 3, 'Helado Cremoso de Fresa Edmar 946ml', 4.93, 53, 'Fur2-a-QNG.jpg', 'Helado cremoso de fresa Edmar 946ml, sabor natural y textura suave.'),
(197, 1, 3, 'Helado de Mantecado El Recreo 2L', 11.14, 57, 'orOZMAhwCA.jpg', 'Helado de mantecado El Recreo 2L, clásico y cremoso para toda la familia.'),
(198, 1, 3, 'Helado Cappuccino con Sirope de Cafe Tio Rico 700cm³', 9.04, 52, 'zoRZWz-ea_.jpg', 'Helado cappuccino con sirope de café Tio Rico 700cm³, sabor intenso y cremoso.'),
(199, 1, 3, 'Helado Sabor a Coco Helados y Postres el Recreo 150ml', 1.39, 61, '8P4TZnvyIB.jpg', 'Helado sabor a coco Helados y Postres El Recreo 150ml, refrescante y cremoso.'),
(200, 1, 3, 'Helado de Paleta Snicker Tony Gelati 1 Und', 2.6, 53, 'a84JVIWGSz.jpg', 'Helado de paleta Snicker Tony Gelati, 1 unidad, sabor a chocolate, caramelo y maní.'),
(201, 1, 3, 'Helado de Gianduia Buzza 175ml', 1.86, 54, 'pudang3-W5.jpg', 'Helado de Gianduia Buzza 175ml, sabor a chocolate con avellanas, cremoso y delicioso.'),
(202, 1, 3, 'Helado Fior de Latte El Recreo 473ml', 3.05, 64, 'vo8CEjlUf1.jpg', 'Helado Fior di Latte, sabor a crema de leche fresca y delicada, suave y cremoso, ideal para acompañar postres o disfrutar solo.'),
(203, 1, 3, 'Helado Sabor a Torta Suiza Helados y Postres el Recreo 150ml', 1.08, 52, 'wtRmkVkkmK.jpg', 'Helado con sabor a Torta Suiza, cremoso y dulce, inspirado en el tradicional postre, perfecto para los amantes de sabores clásicos.'),
(204, 1, 3, 'Helado Gran Turrón Edición Especial Splendido 473ml', 10.71, 52, 'IGlQ0Z8MzM.jpg', 'Helado edición especial sabor Gran Turrón, con trozos y sabor a turrón tradicional, cremoso y delicioso.'),
(205, 1, 3, 'Helado a Base de Leche de Coco Sin Azúcar de Limón Vgan Fruit 500g', 10, 53, '0XO-Q6GHRN.jpg', 'Helado a base de leche de coco sin azúcar, sabor limón, refrescante y saludable, ideal para dietas bajas en azúcar.'),
(206, 1, 3, 'Helado Base Leche de Coco Sin Azúcar Cookies and Chips Vgan Fruit 500ml', 10, 59, '_hZq-8ZS4D.jpg', 'Helado a base de leche de coco sin azúcar sabor Cookies and Cream, cremoso y con trozos de galleta.'),
(207, 1, 3, 'Helado Ron con Pasas Tio Rico 850ml', 9.08, 54, 'b1oQsbb-su.jpg', 'Helado sabor Ron con Pasas, cremoso y con trozos de pasas maceradas en ron, clásico y delicioso.'),
(208, 1, 3, 'Helado Cremoso de Mantecado Efe 2L', 19.07, 52, 'wF-ymX8b4c.jpg', 'Helado cremoso sabor mantecado, textura suave y sabor tradicional para toda la familia.'),
(209, 1, 3, 'Helado de Chocolate Efe 920ml', 10.18, 55, 'moLRk6psyX.jpg', 'Helado de chocolate Efe, intenso y cremoso, con sabor a cacao de alta calidad.'),
(210, 1, 3, 'Helado Cremoso de Chocolate con Fresa Dúo Efe 2L', 19.5, 52, 'i00rDqqMiK.jpg', 'Helado dúo de chocolate y fresa, combinación cremosa y deliciosa para todos los gustos.'),
(211, 1, 3, 'Helado Cremoso de Mantecado y Chocolate Dúo Efe 2L', 18.93, 54, 'JPCWJuonr3.jpg', 'Helado dúo de mantecado y chocolate, con textura suave y sabor equilibrado.'),
(212, 1, 3, 'Helado Napolitano Efe 2L', 18.92, 63, 'QvsjDX8gVH.jpg', 'Helado napolitano clásico, con sabores de vainilla, chocolate y fresa en una sola presentación.'),
(213, 1, 3, 'Marquesa de Arequipe Que Marquesas 90g', 4.72, 54, 'iYfAUENO11.jpg', 'Marquesa de arequipe, postre dulce y cremoso con sabor tradicional.'),
(214, 1, 3, 'Marquesa de Cricri Que Marquesas 180g', 10.64, 53, 'XCaeYvo3aN.jpg', 'Marquesa de Cricri Que Marquesas 180g, textura cremosa y sabor delicioso.'),
(215, 1, 3, 'Marquesa de Choco Chips Que Marquesas 90g', 4.72, 57, 'D4XJyFQwx8.jpg', 'Marquesa con choco chips, combinación de textura y sabor para un postre irresistible.'),
(216, 1, 3, 'Topping Magic Shell Unicorn Smucker´s 206g', 11.43, 57, '5qcsyYurRU.jpg', 'Topping Magic Shell Unicorn Smucker´s, cobertura crujiente y colorida para helados y postres.'),
(217, 1, 3, 'Marquesa de Cricri Que Marquesas 90g', 6.39, 56, 'iAK4U0QnJu.jpg', 'Descubre nuestro increíble producto!  Con diseño elegante y funcionalidad excepcional, este producto es perfecto para aquellos que buscan calidad y estilo en uno solo. Rendimiento excepcional: Con un potente motor y tecnología de vanguardia, este producto ofrece un rendimiento óptimo en cada uso, brindándote resultados impecables en todo momento. Durabilidad garantizada: Fabricado con materiales de alta calidad, este producto está diseñado para resistir el paso del tiempo. ¡No tendrás que preocuparte por reemplazarlo constantemente!. Versatilidad incomparable: Este producto es perfecto para múltiples usos. Desde tareas cotidianas hasta proyectos más exigentes, se adapta a todas tus necesidades, convirtiéndose en tu aliado indispensable.'),
(218, 1, 3, 'Marquesa de Oreo Chocole´s 270g', 4, 56, 'JSuEV6AQT_.jpg', 'Marquesa sabor Oreo, con trozos de galleta y crema, ideal para los amantes de Oreo.'),
(219, 1, 4, 'Sobre Porta Documentos Carta Colores Variados W-56 Pointer 1 Und', 0.59, 51, 'vyq970I9YP.jpg', 'Sobre porta documentos tamaño carta, colores variados, ideal para organización y oficina.'),
(220, 1, 4, 'Bolígrafo de Color Negro Maxi Starmate 4 Und', 0.97, 88, 'fFDuxLPki6.jpg', 'Bolígrafo negro Maxi Starmate, paquete de 4 unidades, tinta suave y duradera.'),
(221, 1, 4, 'Foami Violeta 30cm x 21cm PN594-08 MP', 0.14, 55, 'QZIdcbUui8.jpg', 'Foami color violeta, hoja de 30x21 cm, ideal para manualidades y proyectos escolares.'),
(222, 1, 4, 'Cinta Adhesiva Doble Faz 18x1mm Bambary', 1.63, 53, 'dpRebTIViQ.jpg', 'Cinta adhesiva doble faz Bambary, 18x1mm, perfecta para pegar sin dejar residuos visibles.'),
(223, 1, 4, 'Periódico Notitarde Edición Impresa del Viernes', 0.57, 70, 'RPMDA7gWHx.jpg', 'Edición impresa del periódico Notitarde, noticias y actualidad para el viernes.'),
(224, 1, 4, 'Cuaderno Mediano Una Linea para Niño Diseño Variado Norma 100 Hojas', 1.55, 56, 'ekpyKYDJAi.jpg', 'Cuaderno mediano con líneas, diseño variado para niños, ideal para la escuela.'),
(225, 1, 4, 'Cinta de Embalaje Marrón 35m x 48mm Aladino', 1.24, 59, 'oVvLujdjx8.jpg', 'Cinta de embalaje marrón Aladino, 35 metros por 48 mm, resistente y adhesiva.'),
(226, 1, 4, 'Sobre Manila Tamaño Carta 23cm x 30cm Ok25a Ofimak 1 Und', 0.38, 87, '1C8ey9BJi8.jpg', 'Sobre manila tamaño carta, resistente y práctico para documentos y archivo.'),
(227, 1, 4, 'Cartulina Metalizada Dorado 50x65', 1.29, 57, 'AwZEtC9rtp.jpg', 'Cartulina metalizada dorada, tamaño 50x65 cm, ideal para manualidades y decoración.'),
(228, 1, 4, 'Tijera de Papelería 17,8cm Bambary', 2.03, 57, 'duRjSVoa9P.jpg', 'Tijera de papelería Bambary de 17.8 cm, corte preciso y cómodo.'),
(229, 1, 4, 'Bolígrafo Punta Media OK121 Ofimak 12 Und', 2.13, 52, 'r_ucZxFsZD.jpg', 'Bolígrafo punta media OK121 Ofimak, paquete de 12 unidades, tinta negra y suave.'),
(230, 1, 4, 'Silicon Liquido Bambary 30ml', 0.64, 58, 'oxQG6Y2PW0.jpg', 'Silicón líquido Bambary 30ml, adhesivo fuerte para manualidades y reparaciones.'),
(231, 1, 4, 'Cuaderno Pequeño Una Linea para Niño Diseño Variado Norma 100 Hojas', 0.91, 59, '2TfbUz9pnW.jpg', 'Cuaderno pequeño con líneas para niños, diseño variado y tamaño práctico.'),
(232, 1, 4, 'Plastilina Escolar Crisvi 9 Und', 0.71, 68, '0TWJIietfy.jpg', 'Plastilina escolar Crisvi, paquete de 9 colores, fácil de moldear y no tóxica.'),
(233, 1, 4, 'Sacapuntas con Borrador Colores Variados Bambary', 1.4, 62, 'wXlsArppJv.jpg', 'Sacapuntas con borrador, colores variados Bambary, práctico y funcional para estudiantes.'),
(234, 1, 4, 'Bolsas de Celofán 12cm x 16cm Pointer 50 Und', 1, 73, 'b82pTyZkcY.jpg', 'Bolsas de celofán Pointer, tamaño 12x16 cm, paquete de 50 unidades para empaques y manualidades.'),
(235, 1, 4, 'Cartulina Color Blanco 66cm x 50cm Crisvi', 0.51, 112, 'GSbCKeJJW8.jpg', 'Cartulina color blanco Crisvi, tamaño 66x50 cm, ideal para proyectos escolares y manualidades.'),
(236, 1, 4, 'Marcadores Doble Color Pointer 24 Und', 3.74, 53, 'Jayq_XFIVi.jpg', 'Marcadores doble color Pointer, paquete de 24 unidades, colores vivos y duraderos.'),
(237, 1, 4, 'Barra de Silicona Delgada Bambary 12 Und', 2.5, 72, 'vrGrcIsaY-.jpg', 'Barra de silicona delgada Bambary, paquete de 12 unidades para pegado y manualidades.'),
(238, 1, 4, 'Tijera Escolar Punta Roma Azul Bambary 5\".', 1.34, 56, 'ORkQ7nUDMx.jpg', 'Tijera escolar punta roma azul Bambary de 5 pulgadas, segura y fácil de usar para niños.'),
(239, 1, 4, 'Pintura al Frio Blanco Crisvi 80ml', 0.77, 64, '407ozeWb8_.jpg', 'Pintura al frío blanca Crisvi, envase de 80 ml, ideal para manualidades y pintura sobre tela.'),
(240, 1, 4, 'Pega en Barra OK69S Ofimak 21g', 1.04, 64, 'Be1uzxjVqn.jpg', 'Pega en barra OK69S Ofimak, 21 gramos, adhesivo fácil de usar y sin residuos.'),
(241, 1, 4, 'Carpeta Plástica Transparente con Gancho Colores Variados Pointer 1 Und', 0.96, 57, '8M4fstfn9C.jpg', 'Carpeta plástica transparente con gancho, colores variados, ideal para organización de documentos.'),
(242, 1, 4, 'Cinta Adhesiva Doble Faz 12x1.1mm Bambary', 1.63, 64, '3I2XaTS9S6.jpg', 'Cinta adhesiva doble faz Bambary, 12x1.1 mm, perfecta para pegar sin dejar residuos visibles.'),
(243, 1, 4, 'Cinta de Embalaje Cristal 35m x 48mm Aladino', 1.16, 84, 'FYHwug0svV.jpg', 'Cinta de embalaje cristal Aladino, 35 metros por 48 mm, adhesiva y resistente.'),
(244, 1, 4, 'Boligrafos de Gel Escarchado 0.08mm Colores Variados StarMate 10 Und', 2.57, 60, 'aqMj0G-fMv.jpg', 'Bolígrafos de gel escarchado, punta 0.08 mm, colores variados para escritura y decoración.'),
(245, 1, 4, 'Bolígrafo Pluma de Diamante Colores Variados 1 Und', 2.14, 86, 'Xkb8hUZ8_Q.jpg', 'Bolígrafo pluma de diamante, colores variados, 1 unidad, tinta suave y elegante.'),
(246, 1, 4, 'Cartulina Plateada Escarchada 70cm x 50cm', 1.29, 54, 'UvE38tYvXr.jpg', 'Cartulina plateada escarchada, tamaño 70x50 cm, ideal para manualidades y decoración.'),
(247, 1, 4, 'Cinta para Embalar Transparente Fauci 35 Mts', 0.85, 62, 'ZEekX6ho1y.jpg', 'Cinta para embalar transparente Fauci, 35 metros, adhesiva y resistente.'),
(248, 1, 4, 'Notas Autoadhesivas Colores Neon G3030 Foska 100 Hojas', 1.11, 53, 'vTCGlJj7An.jpg', 'Notas autoadhesivas colores neón Foska, paquete de 100 hojas, ideal para recordatorios.'),
(249, 1, 4, 'Pega en Barra GA008 Foska 8g', 0.37, 57, '-v8gE3Q9T7.jpg', 'Pega en barra GA008 Foska, 8 gramos, adhesivo fácil de usar y sin residuos.'),
(250, 1, 4, 'Notas Mágicas Pointer 125 Und', 4.94, 51, 'sMO-1iind4.jpg', 'Notas mágicas Pointer, paquete de 125 unidades, para organización y mensajes rápidos.'),
(251, 1, 4, 'Papel Celofan Transparente 50cm X 10m Pointer', 3.11, 66, 'gW5c9CcnJO.jpg', 'Papel celofán transparente Pointer, 50 cm x 10 m, ideal para manualidades y empaques.'),
(252, 1, 4, 'Clips para Papel AS-03 Foska 100 Und', 0.79, 52, 'IlDPpnv-GI.jpg', 'Clips para papel AS-03 Foska, paquete de 100 unidades, resistentes y prácticos.'),
(253, 1, 4, 'Foami Color Rosado PN564-05 30cm x 21cm MP', 0.14, 56, 'jS8g_sLKL2.jpg', 'Foami color rosado PN564-05, hoja de 30x21 cm, ideal para manualidades y proyectos escolares.'),
(254, 1, 4, 'Cartulina Color Negro 66cm x 50cm', 0.51, 127, 'Zx0Y7OIJoh.jpg', 'Cartulina color negro Crisvi, tamaño 66x50 cm, ideal para proyectos escolares y manualidades.'),
(255, 1, 4, 'Goma Liquida Pointer 50ml', 0.89, 58, 'wesxBBHkUD.jpg', 'Goma líquida Pointer, envase de 50 ml, adhesivo fuerte para manualidades y reparaciones.'),
(256, 1, 4, 'Foami Escarchado Lila Bambary 30x21cm.', 2.29, 52, 'Q-EiXl3h6a.jpg', 'Foami escarchado lila Bambary, hoja de 30x21 cm, ideal para manualidades y decoración.'),
(257, 1, 4, 'Cartulina Color Azul Claro 70cm x 50cm', 0.71, 57, 'RaJxX11HYi.jpg', 'Cartulina color azul claro, tamaño 70x50 cm, ideal para manualidades y proyectos escolares.'),
(258, 1, 4, 'Regla Flexible 15cm Bambary 1und', 0.51, 78, 'l3CzQ1CUBg.jpg', 'Regla flexible Bambary de 15 cm, práctica y resistente para mediciones precisas.'),
(259, 1, 4, 'Papel de Seda Rosado Bambary 3 Und', 0.56, 72, 'MaPuS7acMt.jpg', 'Papel de seda rosado Bambary, paquete de 3 unidades, ideal para manualidades y decoración.'),
(260, 1, 4, 'Lapices de Grafito Hb 6 Und Bambary', 1.03, 71, 'MI3f-aZgh2.jpg', 'Lápices de grafito HB Bambary, paquete de 6 unidades, ideales para dibujo y escritura.'),
(261, 1, 4, 'Pega Blanca Escolar OK195 Ofimak 30g', 0.44, 60, 'SochBT9oav.jpg', 'Pega blanca escolar OK195 Ofimak, envase de 30 gramos, adhesivo seguro para niños.'),
(262, 1, 4, 'Juego Geométrico 20cm OK190A Ofimak 4 Piezas', 1.87, 62, 'cDlZF_9WlC.jpg', 'Juego geométrico OK190A Ofimak, 4 piezas, ideal para aprendizaje y dibujo técnico.'),
(263, 1, 4, 'Marcador de Pintura Plateado 3mm PE441 MP', 3.43, 56, 'IaJM-r4GA9.jpg', 'Marcador de pintura plateado, punta de 3 mm, ideal para manualidades y arte.'),
(264, 1, 4, 'Borrador Retráctil Color Naranja PG122 Mp 3 Und', 3.5, 56, 'QhMtho_yqQ.jpg', 'Borrador retráctil color naranja PG122 Mp, paquete de 3 unidades, práctico y limpio.'),
(265, 1, 4, 'Lápices Ecológico HB Color Morado TPP-6C Pointer 12 Und', 1.23, 54, 'pn0_WUi-RH.jpg', 'Descubre nuestro increíble producto!  Con diseño elegante y funcionalidad excepcional, este producto es perfecto para aquellos que buscan calidad y estilo en uno solo. Rendimiento excepcional: Con un potente motor y tecnología de vanguardia, este producto ofrece un rendimiento óptimo en cada uso, brindándote resultados impecables en todo momento. Durabilidad garantizada: Fabricado con materiales de alta calidad, este producto está diseñado para resistir el paso del tiempo. ¡No tendrás que preocuparte por reemplazarlo constantemente!. Versatilidad incomparable: Este producto es perfecto para múltiples usos. Desde tareas cotidianas hasta proyectos más exigentes, se adapta a todas tus necesidades, convirtiéndose en tu aliado indispensable.'),
(266, 1, 4, 'Resaltadores Colores Variados Promarx 8 Und', 4.11, 53, 'p3_izKtr5s.jpg', 'Resaltadores colores variados Promarx, paquete de 8 unidades, tinta fluorescente y duradera.'),
(267, 1, 4, 'Tijera para Costura 17,8cm Bambary', 8.13, 61, '8KB6o0YmzX.jpg', 'Tijera para costura Bambary de 17.8 cm, corte preciso y cómodo.'),
(268, 1, 4, 'Notas Autoadhesivas Colores Neon G1520 Foska 100 Hojas', 0.51, 53, '7mMdhnki7u.jpg', 'Descubre nuestro increíble producto!  Con diseño elegante y funcionalidad excepcional, este producto es perfecto para aquellos que buscan calidad y estilo en uno solo. Rendimiento excepcional: Con un potente motor y tecnología de vanguardia, este producto ofrece un rendimiento óptimo en cada uso, brindándote resultados impecables en todo momento. Durabilidad garantizada: Fabricado con materiales de alta calidad, este producto está diseñado para resistir el paso del tiempo. ¡No tendrás que preocuparte por reemplazarlo constantemente!. Versatilidad incomparable: Este producto es perfecto para múltiples usos. Desde tareas cotidianas hasta proyectos más exigentes, se adapta a todas tus necesidades, convirtiéndose en tu aliado indispensable.'),
(269, 1, 4, 'Set de Resaltadores Diseño de Flores 5 Colores Homu', 6.43, 52, 'pc2BTsZo2x.jpg', 'Descubre nuestro increíble producto!  Con diseño elegante y funcionalidad excepcional, este producto es perfecto para aquellos que buscan calidad y estilo en uno solo. Rendimiento excepcional: Con un potente motor y tecnología de vanguardia, este producto ofrece un rendimiento óptimo en cada uso, brindándote resultados impecables en todo momento. Durabilidad garantizada: Fabricado con materiales de alta calidad, este producto está diseñado para resistir el paso del tiempo. ¡No tendrás que preocuparte por reemplazarlo constantemente!. Versatilidad incomparable: Este producto es perfecto para múltiples usos. Desde tareas cotidianas hasta proyectos más exigentes, se adapta a todas tus necesidades, convirtiéndose en tu aliado indispensable.'),
(270, 1, 4, 'Agenda con Cierre Magnético N64K90010 Diseño Variado 1 Und', 5, 53, 'mgtLLBWRpF.jpg', 'Agenda con cierre magnético, diseño variado, para organización diaria.'),
(271, 1, 4, 'Carpeta Fuelle PC619 A4 Mp', 10, 57, 'nIR3em7hgS.jpg', 'Carpeta fuelle tamaño A4, práctica para organización de documentos.'),
(272, 1, 4, 'Llavero de Koala con Cinta Estampado BT21', 2.53, 51, 'PtLw_7X0me.jpg', 'Llavero de koala con cinta estampada BT21, diseño divertido y resistente.'),
(273, 1, 4, 'Marcador para Bingo Color Azul Pintareta 80ml', 1.27, 66, '_bkA55ZE0d.jpg', 'Marcador para bingo color azul, envase de 80 ml, tinta vibrante y duradera.'),
(274, 1, 4, 'Tijera para Niño 5´´ Scotch', 1.87, 54, 'P2hJfRDqn0.jpg', 'Tijera para niños de 5 pulgadas marca Scotch, segura y fácil de usar.'),
(275, 1, 4, 'Tijera Ergonómica 7´´ Bambary', 2.11, 60, 'yFFQub52H-.jpg', 'Tijera ergonómica de 7 pulgadas Bambary, cómoda y precisa para uso escolar y oficina.'),
(276, 1, 4, 'Plastilina Crisvi 9 Und', 1.31, 54, 'z7KEezpGHK.jpg', 'Plastilina Crisvi, paquete de 9 colores, fácil de moldear y no tóxica para niños.'),
(277, 1, 4, 'Ojos Móviles Bambary 68 Und', 2.09, 51, 'MRjpmzfikE.jpg', 'Set de 68 ojos móviles para manualidades y decoración.'),
(278, 1, 4, 'Foami Color Azul Cielo Escarchado 60cm x 40cm PN574-27 MP', 1.57, 65, 'qzvcVUDywv.jpg', 'Hoja de foami color azul cielo escarchado, tamaño 60x40 cm, ideal para manualidades.'),
(279, 1, 4, 'Pega Blanca Escolar FB-60 Pointer 60ml', 0.54, 65, 'w2Cp8OnqAB.jpg', 'Pega blanca escolar FB-60 Pointer, envase de 60 ml, adhesivo seguro para niños y manualidades.'),
(280, 1, 4, 'Marcador Medio Rojo Sharpie.', 2.22, 58, 'oXXZT7sW1a.jpg', 'Marcador medio rojo Sharpie, tinta permanente y de alta calidad.');
INSERT INTO `productos` (`idproducto`, `idestatus`, `idcategoria`, `nombre`, `precio`, `stock`, `imagen`, `descripcion`) VALUES
(281, 1, 4, 'Libro para Colorear My Little Pony 2 Jumbo Diseño Variados Bendon 40 Hojas', 5.33, 54, 'Iw120v_y68.jpg', 'Descubre nuestro increíble producto!  Con diseño elegante y funcionalidad excepcional, este producto es perfecto para aquellos que buscan calidad y estilo en uno solo. Rendimiento excepcional: Con un potente motor y tecnología de vanguardia, este producto ofrece un rendimiento óptimo en cada uso, brindándote resultados impecables en todo momento. Durabilidad garantizada: Fabricado con materiales de alta calidad, este producto está diseñado para resistir el paso del tiempo. ¡No tendrás que preocuparte por reemplazarlo constantemente!. Versatilidad incomparable: Este producto es perfecto para múltiples usos. Desde tareas cotidianas hasta proyectos más exigentes, se adapta a todas tus necesidades, convirtiéndose en tu aliado indispensable.'),
(282, 1, 4, 'Libro para Colorear Soul Bendon 40 Hojas', 5.33, 52, '6j2RjawoNA.jpg', 'Libro para colorear Soul Bendon, 40 hojas con diseños variados para pintar y decorar.'),
(283, 1, 4, 'Marcador Permanente Punta Fina Color Morado Sharpie 1 Und', 0.7, 57, 'iqWi9d6eZA.jpg', 'Descubre nuestro increíble producto!  Con diseño elegante y funcionalidad excepcional, este producto es perfecto para aquellos que buscan calidad y estilo en uno solo. Rendimiento excepcional: Con un potente motor y tecnología de vanguardia, este producto ofrece un rendimiento óptimo en cada uso, brindándote resultados impecables en todo momento. Durabilidad garantizada: Fabricado con materiales de alta calidad, este producto está diseñado para resistir el paso del tiempo. ¡No tendrás que preocuparte por reemplazarlo constantemente!. Versatilidad incomparable: Este producto es perfecto para múltiples usos. Desde tareas cotidianas hasta proyectos más exigentes, se adapta a todas tus necesidades, convirtiéndose en tu aliado indispensable.'),
(284, 1, 4, 'Marcadores Permanentes Doble Linea Colores Pasteles 1mm PP916-01 MP 4 Und', 4.71, 57, 'lknV7rwQb2.jpg', 'Descubre nuestro increíble producto!  Con diseño elegante y funcionalidad excepcional, este producto es perfecto para aquellos que buscan calidad y estilo en uno solo. Rendimiento excepcional: Con un potente motor y tecnología de vanguardia, este producto ofrece un rendimiento óptimo en cada uso, brindándote resultados impecables en todo momento. Durabilidad garantizada: Fabricado con materiales de alta calidad, este producto está diseñado para resistir el paso del tiempo. ¡No tendrás que preocuparte por reemplazarlo constantemente!. Versatilidad incomparable: Este producto es perfecto para múltiples usos. Desde tareas cotidianas hasta proyectos más exigentes, se adapta a todas tus necesidades, convirtiéndose en tu aliado indispensable.'),
(285, 1, 4, 'Borrador Retráctil PG122 Mp 3 Und', 3.53, 56, 'a5vTK4NWsh.jpg', 'Borrador retráctil PG122 Mp, paquete de 3 unidades, práctico y limpio para correcciones.'),
(286, 1, 4, 'Paletas de Maderas Jumbo de Colores Bambary 50 Und', 4.19, 59, 'MIRZSecKXs.jpg', 'Paletas de madera jumbo de colores Bambary, paquete de 50 unidades para manualidades.'),
(287, 1, 4, 'Lápiz de Grafito Red 7\" HB Metalico Bambary 4und', 1.07, 58, 'Jzgi5clGmv.jpg', 'Lápiz de grafito Red 7\" HB metálico Bambary, paquete de 4 unidades, ideal para dibujo y escritura.'),
(288, 1, 4, 'Libro de Colorear Tots Disney Junior Bendon', 5.33, 52, 'Q3E-ni2STF.jpg', 'Libro de colorear Tots Disney Junior Bendon, con diseños divertidos para niños.'),
(289, 1, 4, 'Cuaderno Mediano de Niño Diseño Varios Cuadriculado Norma 100 Hojas 1 Und', 1.55, 54, 'V8aIlmvXLg.jpg', 'Descubre nuestro increíble producto!  Con diseño elegante y funcionalidad excepcional, este producto es perfecto para aquellos que buscan calidad y estilo en uno solo. Rendimiento excepcional: Con un potente motor y tecnología de vanguardia, este producto ofrece un rendimiento óptimo en cada uso, brindándote resultados impecables en todo momento. Durabilidad garantizada: Fabricado con materiales de alta calidad, este producto está diseñado para resistir el paso del tiempo. ¡No tendrás que preocuparte por reemplazarlo constantemente!. Versatilidad incomparable: Este producto es perfecto para múltiples usos. Desde tareas cotidianas hasta proyectos más exigentes, se adapta a todas tus necesidades, convirtiéndose en tu aliado indispensable.'),
(290, 1, 4, 'Abecedario de Letras Magnéticas Pointer', 1.94, 61, 'uUh8Lm_mfX.jpg', 'Abecedario de letras magnéticas Pointer, para aprendizaje y juegos educativos.'),
(291, 1, 4, 'Pega en Barra GA036 Foska 36g', 0.91, 56, 'QqiTOwLE0T.jpg', 'Barra de pega Foska de 36 gramos, adhesivo práctico para papel y manualidades.'),
(292, 1, 4, 'Marcador de Pizarra con Borrador MP 3 Und', 1.71, 60, '-kPXeaSo6c.jpg', 'Marcador de pizarra con borrador MP, paquete de 3 unidades, ideal para pizarras blancas.'),
(293, 1, 4, 'Pega en Barra con Aroma a Mango Piña Pointer 6g', 1.26, 53, 'oZSH_oYbe-.jpg', 'Pega en barra con aroma a mango piña Pointer, 6 gramos, adhesivo con fragancia agradable.'),
(294, 1, 4, 'Tiras Resaltadores de Texto 14cm x 0.5cm Pointer 120 Und', 1.06, 56, 'pszkFQWxfo.jpg', 'Descubre nuestro increíble producto!  Con diseño elegante y funcionalidad excepcional, este producto es perfecto para aquellos que buscan calidad y estilo en uno solo. Rendimiento excepcional: Con un potente motor y tecnología de vanguardia, este producto ofrece un rendimiento óptimo en cada uso, brindándote resultados impecables en todo momento. Durabilidad garantizada: Fabricado con materiales de alta calidad, este producto está diseñado para resistir el paso del tiempo. ¡No tendrás que preocuparte por reemplazarlo constantemente!. Versatilidad incomparable: Este producto es perfecto para múltiples usos. Desde tareas cotidianas hasta proyectos más exigentes, se adapta a todas tus necesidades, convirtiéndose en tu aliado indispensable.'),
(295, 1, 4, 'Estambre Colores Variados Bambary 4 Und', 2.76, 60, 'jh0dULoz2e.jpg', 'Estambre colores variados Bambary, paquete de 4 unidades, ideal para manualidades y tejidos.'),
(296, 1, 4, 'Regla Escarchada con Diseño de Patico Ducking 20cm', 2.79, 52, 'TwZ6aXFnCi.jpg', 'Regla escarchada con diseño de patito Ducking, 20 cm, práctica y decorativa.'),
(297, 1, 4, 'Lapices de Colores Jumbo Bambary 12 Und', 5.34, 62, 'ShsDHz9rZW.jpg', 'Lápices de colores jumbo Bambary, paquete de 12 unidades, colores vivos y fáciles de usar.'),
(298, 1, 4, 'Llavero de 4 Corazones Rosados', 4, 51, 'vSMZi7PYsY.jpg', 'Llavero de 4 corazones rosados, diseño delicado y resistente.'),
(299, 1, 4, 'Cinta de Raso Número 3 Color Negro Bambary 5/8\" x 5 Mts', 0.33, 54, 'bOec3hf58p.jpg', 'Descubre nuestro increíble producto!  Con diseño elegante y funcionalidad excepcional, este producto es perfecto para aquellos que buscan calidad y estilo en uno solo. Rendimiento excepcional: Con un potente motor y tecnología de vanguardia, este producto ofrece un rendimiento óptimo en cada uso, brindándote resultados impecables en todo momento. Durabilidad garantizada: Fabricado con materiales de alta calidad, este producto está diseñado para resistir el paso del tiempo. ¡No tendrás que preocuparte por reemplazarlo constantemente!. Versatilidad incomparable: Este producto es perfecto para múltiples usos. Desde tareas cotidianas hasta proyectos más exigentes, se adapta a todas tus necesidades, convirtiéndose en tu aliado indispensable.'),
(300, 1, 4, 'Cinta de Raso Número 2 Color Blanco Bambary 3/8\" x 5 Mts', 0.29, 59, 'EXkBbGkFo0.jpg', 'Descubre nuestro increíble producto!  Con diseño elegante y funcionalidad excepcional, este producto es perfecto para aquellos que buscan calidad y estilo en uno solo. Rendimiento excepcional: Con un potente motor y tecnología de vanguardia, este producto ofrece un rendimiento óptimo en cada uso, brindándote resultados impecables en todo momento. Durabilidad garantizada: Fabricado con materiales de alta calidad, este producto está diseñado para resistir el paso del tiempo. ¡No tendrás que preocuparte por reemplazarlo constantemente!. Versatilidad incomparable: Este producto es perfecto para múltiples usos. Desde tareas cotidianas hasta proyectos más exigentes, se adapta a todas tus necesidades, convirtiéndose en tu aliado indispensable.'),
(301, 1, 4, 'Rafia de Papel Blanco Rosado y Fucsia Bambary 3 Und', 2.27, 53, '4fU4KKGma_.jpg', 'Descubre nuestro increíble producto!  Con diseño elegante y funcionalidad excepcional, este producto es perfecto para aquellos que buscan calidad y estilo en uno solo. Rendimiento excepcional: Con un potente motor y tecnología de vanguardia, este producto ofrece un rendimiento óptimo en cada uso, brindándote resultados impecables en todo momento. Durabilidad garantizada: Fabricado con materiales de alta calidad, este producto está diseñado para resistir el paso del tiempo. ¡No tendrás que preocuparte por reemplazarlo constantemente!. Versatilidad incomparable: Este producto es perfecto para múltiples usos. Desde tareas cotidianas hasta proyectos más exigentes, se adapta a todas tus necesidades, convirtiéndose en tu aliado indispensable.'),
(302, 1, 4, 'Papel Crepe Plateado Bambary 1 Und', 1.16, 53, 'AgIdIyIY9i.jpg', 'Papel crepé plateado de alta calidad, ideal para manualidades, decoraciones y proyectos escolares.'),
(303, 1, 4, 'Cartulina Corrugada Colores Metalizados Variados Bambary 6und', 3.01, 63, 'nCGXmHalFA.jpg', 'Cartulina corrugada con colores metalizados variados, perfecta para scrapbooking y trabajos creativos.'),
(304, 1, 4, 'Papel Crepe Azul Cielo Bambary 1 Und', 0.7, 64, 'HN41cpKAGE.jpg', 'Papel crepé color azul cielo, flexible y resistente para manualidades y decoraciones.'),
(305, 1, 4, 'Fieltro Suave Multicolor 21.5x27.9cm Bambary 10und', 2.89, 61, 'ocyp26DRee.jpg', 'Set de 10 hojas de fieltro suave multicolor, ideal para manualidades, costura y proyectos creativos.'),
(306, 1, 4, 'Alfileres PS438-80D Foska 80 Piezas', 1.8, 51, 'OLJqd27F95.jpg', 'Alfileres de alta calidad, paquete con 80 piezas, perfectos para costura y manualidades.'),
(307, 1, 4, 'Llavero Cadeneta de Frutas', 4, 51, '2S117vN_6-.jpg', 'Llavero decorativo con diseño de frutas, resistente y colorido.'),
(308, 1, 4, 'Cartulina Lila 50x70 CM MP', 0.71, 62, 'L_MRVdH_Cj.jpg', 'Cartulina color lila tamaño 50x70 cm, ideal para proyectos escolares y creativos.'),
(309, 1, 4, 'Kit de Manualidades Titeres 7+ Bambary', 5.54, 56, 'iaMKiia2cJ.jpg', 'Kit completo para crear títeres, recomendado para niños mayores de 7 años, incluye materiales y guía.'),
(310, 1, 4, 'Cinta de Raso Número 5 Color Verde Neon Bambary 1\" x 5 Mts', 0.4, 53, 'yFf67eT0DL.jpg', 'Cinta de raso verde neón, 1 pulgada por 5 metros, ideal para manualidades y decoraciones.'),
(311, 1, 4, 'Papel de Seda Color Azul Oscuro 50cm x 75cm HM6003 Foska 10 Und', 1.77, 52, 'vTlRb5SYZN.jpg', 'Papel seda color azul oscuro, tamaño 50x75 cm, ideal para envolturas y manualidades.'),
(312, 1, 4, 'Pintadedos Bambary 35ml 6 Und', 3.51, 58, '4an5b6oHk-.jpg', 'Set de 6 pintadedos de 35 ml, colores vivos y seguros para niños.'),
(313, 1, 4, 'Lapiz Detector de Billetes Banknote', 1.45, 81, 'mxpvPzTgm0.jpg', 'Lápiz detector para verificar la autenticidad de billetes, herramienta útil para comercios.'),
(314, 1, 4, 'Lapices Bicolor 1.0mm MP 6und', 4.71, 53, 'Ic_iCtrkVi.jpg', 'Paquete de 6 lápices bicolor con punta de 1.0 mm, ideales para escritura y dibujo.'),
(315, 1, 4, 'Escarcha Multicolores Claros 5 Und Bambary 20g', 1.29, 61, 'byV3yFoP2f.jpg', 'Set de 5 escarchas multicolores claras, 20 gramos cada una, para decorar y dar brillo a proyectos.'),
(316, 1, 4, 'Cinta para Embalar Marrón FYGB165M Fauci 35 Mts', 0.85, 80, 'bGKCDhRFvs.jpg', 'Cinta para embalar marrón, 35 metros, resistente y adhesiva para embalaje seguro.'),
(317, 1, 4, 'Marcadores Lavables Doble Trazo Pointer 8 Und', 2.31, 54, 'XwOmfh9lZW.jpg', 'Set de 8 marcadores lavables con doble trazo, colores variados para dibujo y escritura.'),
(318, 1, 4, 'Juego Geométrico Bambary 20cm', 1.03, 72, 'dA8dsrU9Xk.jpg', 'Juego geométrico de 20 cm, incluye regla, escuadra y transportador para dibujo técnico.'),
(319, 1, 4, 'Lápices Ecológico HB Color Verde TPP-6C Pointer 12 Und', 1.23, 52, '-C_9VXKivs.jpg', 'Paquete de 12 lápices ecológicos HB color verde, fabricados con materiales sostenibles.'),
(320, 1, 4, 'Creyones de Cera SF1006 Foska 6 Und', 0.69, 51, 'pU7PGx5_TT.jpg', 'Set de 6 creyones de cera, colores vivos y fáciles de usar para niños.'),
(321, 1, 4, 'Ligas de Colores RB200-100C Foska 100g', 2.51, 58, 'fPHbkUzzf0.jpg', 'Paquete de ligas de colores, 100 gramos, ideales para organización y manualidades.'),
(322, 1, 4, 'Cuaderno Pequeño Doble Linea para Niño Diseño Variado Norma 100 Hojas', 1.04, 56, 'nMV7c4x9-6.jpg', 'Cuaderno pequeño con doble línea, diseño variado, ideal para niños en edad escolar.'),
(323, 1, 4, 'Kit de Manualidades Tucán 8+ Bambary', 5.54, 56, 'qBtwIS8SFD.jpg', 'Kit de manualidades con temática de tucán, recomendado para niños mayores de 8 años.'),
(324, 1, 4, 'Set de Escritura Color Pastel PA667 Mp 4 Und', 3.43, 55, 'or8t-4-soB.jpg', 'Set de 4 instrumentos de escritura en colores pastel, ideales para oficina y escuela.'),
(325, 1, 4, 'Figura de Madera Patilla Bambary', 1.96, 54, 'Z6lO3Y5Aa3.jpg', 'Figura de madera con forma de patilla, para decorar o manualidades.'),
(326, 1, 4, 'Cubos de Madera Multicolor Bambary 18und', 5, 52, 'mTJzY9yfoq.jpg', 'Set de 18 cubos de madera multicolor, perfectos para juegos y proyectos creativos.'),
(327, 1, 4, 'Resaltador Cuadrado de Color Amarillo Fosforescente Pointer', 0.54, 52, 'uRt-HZi1jJ.jpg', 'Resaltador amarillo fosforescente con punta cuadrada, ideal para marcar textos.'),
(328, 1, 4, 'Lápices Ecológico HB Color Gris TPP-6C Pointer 12 Und', 1.23, 52, 'AG90xFax0V.jpg', 'Paquete de 12 lápices ecológicos HB color gris, fabricados con materiales sostenibles.'),
(329, 1, 4, 'Agenda con Cierre Magnético NC64K004 Diseño Variado 1 Und', 5, 52, 'J84TE5F0gm.jpg', 'Agenda con cierre magnético, diseño variado, ideal para organización personal y profesional.'),
(330, 1, 4, 'Cuaderno Pequeño Doble Linea para Niña Diseño Variado Norma 100 Hojas', 1.04, 63, 'C-G0HS3ZFA.jpg', 'Cuaderno pequeño con doble línea, diseño variado para niñas, ideal para la escuela.'),
(331, 1, 4, 'Colores Clasicos PP802 Mp 12 Und', 4.43, 60, 'j6g3cW2cfP.jpg', 'Set de 12 colores clásicos para dibujo y pintura.'),
(332, 1, 4, 'Marcador Permanente Metalizado Plateado X-30 PE486-Pl Mp', 2.14, 54, 'K6FdyiJNQf.jpg', 'Marcador permanente metalizado plateado, ideal para escritura y decoración.'),
(333, 1, 4, 'Lapices de Grafito Hexagonal Hb Bambary 12 Und', 1.71, 55, 'yKwEUiuewQ.jpg', 'Paquete de 12 lápices de grafito hexagonal HB, para escritura y dibujo.'),
(334, 1, 4, 'Carpeta Fuelle PC619 A4 Mp', 10, 57, 'nIR3em7hgS.jpg', 'Carpeta fuelle tamaño A4, práctica para organización de documentos.'),
(335, 1, 4, 'Grapadora Colores Variados ST1121 Foska 2 Und', 3, 54, 'osmEwZe7JU.jpg', 'Set de 2 grapadoras en colores variados, para oficina y escuela.'),
(336, 1, 4, 'Agenda con Cierre Magnético N64K90010 Diseño Variado 1 Und', 5, 53, 'mgtLLBWRpF.jpg', 'Agenda con cierre magnético, diseño variado, para organización diaria.'),
(337, 1, 4, 'Pinceles Multicolor #16 Bambary 12und', 4.63, 59, 'TiU6aU8LYS.jpg', 'Set de 12 pinceles multicolor tamaño #16, para pintura artística y manualidades.'),
(338, 1, 4, 'Kit de Manualidades Cintillo 8+ Bambary', 5.54, 54, 'J3rtzwAp4x.jpg', 'Kit completo para crear cintillos, recomendado para niños mayores de 8 años, incluye materiales e instrucciones.'),
(339, 1, 4, 'Kit de Sellos Bambary 12 Und', 6.27, 57, 'OicJ3-tHyB.jpg', 'Set de 12 sellos para manualidades, con diseños variados.'),
(340, 1, 4, 'Minas Hb 0.7mm Pointer 20 Pcs', 0.35, 71, '5qTCZsekLw.jpg', 'Paquete de 20 minas HB de 0.7 mm para portaminas.'),
(341, 1, 4, 'Marcadores Metálicos Punta Fina PE180 Mp 2 Und', 3.29, 64, 'VdOy10KhR5.jpg', 'Set de 2 marcadores metálicos con punta fina, colores brillantes.'),
(342, 1, 4, 'Tijera Recubierto Interno de Goma Rosado con Amarillo 17,8cm Bambary', 2.46, 51, 'aycVMQsW0l.jpg', 'Tijera con recubrimiento interno de goma, colores rosado y amarillo, cómoda y segura.'),
(343, 1, 4, 'Cinta Correctora Colores Variados GZ3009 Foska 1 Und', 1.57, 56, 'nZA6n46hy3.jpg', 'Corrector líquido en cinta, colores variados, práctico y fácil de usar.'),
(344, 1, 4, 'Lápices Ecológico HB Color Amarillo TPP-6C Pointer 12 Und', 1.23, 52, '16Mn3lDr_Y.jpg', 'Lápiz ecológico HB color amarillo, fabricado con materiales sostenibles, para escritura y dibujo.'),
(345, 1, 4, 'Borrador Retráctil Color Rojo PG122 Mp 3 Und', 3.57, 53, 'vmXTPusEl5.jpg', 'Set de 3 borradores retráctiles color rojo, prácticos para correcciones.'),
(346, 1, 4, 'Calculadora Científica PE030 Mp', 15.71, 57, 'wWkVOtqQ3S.jpg', 'Calculadora científica PE030, funcional y compacta para uso académico y profesional.'),
(347, 1, 4, 'Llavero de Pony con Cinta Estampado BT21', 2.53, 52, 'gxsdJ9k9XS.jpg', 'Llavero con diseño de pony y cinta estampada BT21, colorido y resistente.'),
(348, 1, 4, 'Marcador para Bingo Color Azul Pintareta 80ml', 1.27, 66, '_bkA55ZE0d.jpg', 'Marcador para bingo color azul, envase de 80 ml, tinta vibrante y duradera.'),
(349, 1, 4, 'Marcador para Bingo Color Amarillo Pintareta 80ml', 1.27, 66, 'AeY_nlmg8b.jpg', 'Marcador para bingo color amarillo, envase de 80 ml, tinta visible y duradera.'),
(350, 1, 4, 'Tijera para Niño 5´´ Scotch', 1.87, 54, 'P2hJfRDqn0.jpg', 'Tijera para niños de 5 pulgadas marca Scotch, segura y fácil de usar.'),
(351, 1, 4, 'Ojos Moviles Multicolores Bambary 80und', 2.77, 55, 'LldzzhR9e0.jpg', 'Set de 80 ojos móviles multicolores, ideales para manualidades, títeres y decoración.'),
(352, 1, 4, 'Pistola de Silicon Pequeña Colores Variados Bambary', 6.46, 59, 'DCT6xWXd9b.jpg', 'Pistola de silicón pequeña con colores variados, para manualidades y reparaciones.'),
(353, 1, 4, 'Acuarela OK510 Ofimak 12 Und 9ml', 2.61, 52, 'ryq6Z5O7QH.jpg', 'Set de 12 acuarelas Ofimak de 9 ml, colores vivos para pintura artística.'),
(354, 1, 4, 'Foami Color Azul Cielo Escarchado 60cm x 40cm PN574-27 MP', 1.57, 65, 'qzvcVUDywv.jpg', 'Hoja de foami color azul cielo escarchado, tamaño 60x40 cm, ideal para manualidades.'),
(355, 1, 4, 'Ojos Móviles Bambary 68 Und', 2.09, 51, 'MRjpmzfikE.jpg', 'Set de 68 ojos móviles para manualidades y decoración.'),
(356, 1, 4, 'Libro para Colorear Spiderman Ultimate Bendon 40 Hojas', 5.33, 51, '-SSmUPCcw9.jpg', 'Libro para colorear con temática Spiderman, 40 hojas para pintar.'),
(357, 1, 4, 'Libro de Aprendizaje para Colorear Pointer 64 Paginas', 1.71, 60, 'fLZRgdHc-2.jpg', 'Libro educativo para colorear Pointer, 64 páginas con actividades y dibujos.'),
(358, 1, 4, 'Marcadores Negros Punta Fina MP 3 Und', 8, 57, 'zvU1tkSUB3.jpg', 'Set de 3 marcadores negros con punta fina, para escritura y dibujo.'),
(359, 1, 4, 'Pega en Barra GA036 Foska 36g', 0.91, 56, 'QqiTOwLE0T.jpg', 'Barra de pega Foska de 36 gramos, adhesivo práctico para papel y manualidades.'),
(360, 1, 4, 'Figura de Madera Cereza Bambary', 1.96, 55, 'rlY50Gy2Lo.jpg', 'Figura de madera con acabado cereza, ideal para manualidades y decoración.'),
(361, 1, 4, 'Plastilina 24 colores JOSUE01 Ofimak 500g', 2.51, 52, 'u-_sLY83Xa.jpg', 'Set de plastilina con 24 colores, 500 gramos, para modelado y creatividad.'),
(362, 1, 4, 'Libro para Colorear Sirena Giant 144 Hojas', 5.33, 52, 'y5Kw2LDe5j.jpg', 'Libro gigante para colorear con temática de sirenas, 144 hojas para pintar.'),
(363, 1, 4, 'Lapiz de Grafito Bambary 12 und.', 2.04, 60, '8ykkikToll.jpg', 'Paquete de 12 lápices de grafito Bambary, ideales para dibujo y escritura.'),
(364, 1, 4, 'Set de Tempera Color Pastel MP 6und', 3.57, 53, 'NJ5pGLsYt8.jpg', 'Set de 6 témperas en colores pastel, para pintura artística y manualidades.'),
(365, 1, 4, 'Marcador Permanente Medio Color Naranja Sharpie 1 Und', 2.11, 61, 'm-E5c_HhhU.jpg', 'Marcador permanente Sharpie color naranja, punta media, tinta duradera.'),
(366, 1, 4, 'Tempera con Pincel Bambary 25ml 6 Und', 2.93, 61, 'smpea_gFmX.jpg', 'Set de 6 témperas con pincel, envase de 25 ml, colores vivos para pintura.'),
(367, 1, 4, 'Bolígrafo Multicolor Fantasía Rainbow Diseño Variado PE253-22 Mp 1 Und', 3.57, 53, 'DHFj_uygUA.jpg', 'Bolígrafo multicolor con diseño fantasía rainbow, tinta suave y colores vibrantes.'),
(368, 1, 4, 'Lápiz de Grafito Hex 7\" HB Negro a Colores Bambary 4und', 1.07, 62, '_2JGn9Euqj.jpg', 'Paquete de lápices de grafito hexagonal de 7\", color negro y colores variados.'),
(369, 1, 4, 'Libro para Colorear Mickey Happy Bendon 40 Hojas', 5.33, 51, '88lVCVbJ3L.jpg', 'Libro para colorear Mickey Mouse, 40 hojas con diseños divertidos.'),
(370, 1, 4, 'Pinceles Brushes Bambary 6 Und', 2.5, 58, '7mqcRxZqaV.jpg', 'Set de 6 pinceles Bambary para pintura artística y manualidades.'),
(371, 1, 4, 'Marcador Permanente Punta Fina Color Azul Sharpie 1 Und', 1.74, 61, 'wr7or4pb5F.jpg', 'Marcador permanente Sharpie azul, punta fina, tinta resistente.'),
(372, 1, 4, 'Libro para Colorear Anna y Elsa Kids Bendon 40 Hojas', 5.35, 53, '4JW2ibZBx9.jpg', 'Libro para colorear con temática de Anna y Elsa, 40 hojas con diseños divertidos para niños.'),
(373, 1, 4, 'Chenilles Multicolor Bambary 50 Und', 3.7, 60, 'R4JrS2KhiL.jpg', 'Set de 50 chenilles multicolor, ideales para manualidades y decoración.'),
(374, 1, 4, 'Marcadores de Pizarra Colores Variados 2/3mm PE487 MP 3Und', 3.57, 52, 'lGRxeF4oTJ.jpg', 'Set de marcadores para pizarra en colores variados, punta 2/3 mm.'),
(375, 1, 4, 'Marcador Permanente Punta Fina Verde Neon Sharpie 1 Und', 1.38, 59, 'Sa0NtrZvxy.jpg', 'Marcador permanente Sharpie verde neón, punta fina y tinta vibrante.'),
(376, 1, 4, 'Compas CM-998 Colores Variados Pointer', 0.64, 55, 'F3KFe7eRid.jpg', 'Compás Pointer modelo CM-998, colores variados, para dibujo técnico.'),
(377, 1, 4, 'Paletas de Maderas Armables de Colores Bambary 50 Und', 2.64, 54, '6ZP_Go_MLw.jpg', 'Set de 50 paletas de madera armables y de colores, para manualidades y juegos.'),
(378, 1, 4, 'Bolsas de Celofán 15cm x 23cm Pointer 50 Und', 1.46, 53, 'l7Bhb7LDD_.jpg', 'Paquete de 50 bolsas de celofán tamaño 15x23 cm, transparentes y resistentes.'),
(379, 1, 4, 'Regla Escarchada Diseños Variados XPM 20cm', 2.79, 52, '_z7Mg6xagM.jpg', 'Regla escarchada de 20 cm con diseños variados, práctica y decorativa.'),
(380, 1, 4, 'Libro De Las Cenizas Al Amor María Alejandra Celis Yanes', 15, 54, '1SwKW_wfdR.jpg', 'Libro titulado \"De Las Cenizas Al Amor\" de María Alejandra Celis, novela inspiradora.'),
(381, 1, 4, 'lápices de Colores Intensos Cuerpo Hexagonal Pointer 12 Und', 2.89, 52, 'QRF_LHG0RM.jpg', 'Set de lápices de colores intensos con cuerpo hexagonal, para dibujo y pintura.'),
(382, 1, 4, 'Pega en Barra con Aroma a Naranja Pointer 6g', 1.26, 55, 'q105dGMW_G.jpg', 'Barra de pega con aroma a naranja Pointer, 6 gramos, adhesivo práctico y aromático.'),
(383, 1, 4, 'Llavero Dúo de Corazones Brillantes Rojos', 4, 51, 'kVrCX9w1oh.jpg', 'Llavero con diseño de dos corazones brillantes en color rojo, resistente y decorativo.'),
(384, 1, 4, 'Papel de Seda 50x70 Bambary 5 Und', 0.9, 73, 'ydP3ZpmRZ1.jpg', 'Paquete de 5 hojas de papel seda tamaño 50x70 cm, ideal para manualidades y envolturas.'),
(385, 1, 4, 'Cinta de Raso Número 1 Color Dorado Bambary 1/4\" x 5 Mts', 0.27, 62, 'bQvWUioIjz.jpg', 'Cinta de raso color dorado, 1/4 pulgada por 9 metros, ideal para decoraciones elegantes.'),
(386, 1, 4, 'Cinta de Raso Número 1 Color Blanco Bambary 1/4\" x 5 Mts', 0.27, 58, 'LlSFFwnCee.jpg', 'Cinta de raso color blanco, 1/4 pulgada por 9 metros, para manualidades y regalos.'),
(387, 1, 4, 'Cinta de Raso Número 1 Color Rosado Neón Bambary 1/4\" x 5 Mts', 0.27, 59, 'bcc_YuHyV2.jpg', 'Cinta de raso color rosado neón, 1/4 pulgada por 9 metros, para decoraciones llamativas.'),
(388, 1, 4, 'Cinta de Regalo Roja Azul y Blanco Bambary 5/8\" x 22 Mts 3 Und', 2.56, 58, 'MGpBPCl5f5.jpg', 'Cinta de regalo en colores rojo, azul y blanco, 5/8 pulgada por 9 metros, para empaques y detalles.'),
(389, 1, 4, 'Papel Crepe Naranja Fluorescente Bambary 1 Und', 1.16, 55, 'a8LbFltK1t.jpg', 'Papel crepé color naranja fluorescente, ideal para manualidades y decoraciones vibrantes.'),
(390, 1, 4, 'Cartulina Dorado Escarchada 65cm x 50cm', 1.29, 61, 'uMCNy0Bu4U.jpg', 'Cartulina dorada escarchada, tamaño 65x50 cm, ideal para proyectos creativos y decorativos.'),
(391, 1, 4, 'Rafia de Papel Blanco Anaranjado y Fucsia Bambary 3 Und', 2.27, 53, 'iTMPTeX4ji.jpg', 'Set de 3 rafias de papel en colores blanco, anaranjado y fucsia, para manualidades y empaques.'),
(392, 1, 4, 'Cartulina Color Vinotinto Escarchado 65cm x 50cm Mp', 1.29, 62, 'oJn_9uQKXc.jpg', 'Cartulina color vinotinto escarchado, tamaño 65x50 cm, para proyectos artísticos.'),
(393, 1, 4, 'Papel Crepe Rosado Metalizado Bambary 1 Und', 1.16, 56, '2JvO78T-QG.jpg', 'Papel crepé rosado metalizado, ideal para manualidades y decoraciones.'),
(394, 1, 4, 'Papel Crepe Verde Bambary 1 Und', 1.16, 55, 'GWYhrpNc06.jpg', 'Papel crepé color verde, flexible y resistente para manualidades y decoraciones.'),
(395, 1, 4, 'Rompecabezas Colorful Canal 350 Piezas', 5.33, 52, 'SIDO-WaX4Q.jpg', 'Rompecabezas Colorful Canal de 350 piezas, divertido y educativo para todas las edades.'),
(396, 1, 4, 'Barra de Silicona Delgada Pointer 10 Und', 2.67, 53, '7WJ4wWhqga.jpg', 'Set de 10 barras de silicona delgada Pointer, para pistolas de silicón y manualidades.'),
(397, 1, 4, 'Grips de lapiz JOT colores variados 10 pzas', 2.87, 51, 'J1USmkIHe3.jpg', 'Set de 10 grips para lápices JOT en colores variados, para mayor comodidad al escribir.'),
(398, 1, 4, 'Lapices de Color Borrables MP 12und', 4.14, 53, 'MvlTTlf74D.jpg', 'Set de 12 lápices de colores borrables, ideales para dibujo y corrección.'),
(399, 1, 4, 'Llavero Cadeneta Brillante', 4, 51, 'G4y1WPARnv.jpg', 'Llavero con cadeneta brillante, diseño atractivo y resistente.'),
(400, 1, 4, 'Foami Color Lila Escarchado 60cm x 40cm PN574-06 MP', 1.57, 59, 'jy7j9NlGEG.jpg', 'Hoja de foami color lila escarchado, tamaño 60x40 cm, ideal para manualidades y decoración.'),
(401, 1, 4, 'Cinta de Raso Número 5 Color Verde Bambary 1\" x 5 Mts', 0.4, 64, 'Uar6Nj4PB6.jpg', 'Cinta de raso color verde, 1 pulgada por 5 metros, para manualidades y decoraciones.'),
(402, 1, 4, 'Cartulina Fucsia 50x70 CM MP', 0.71, 57, 'SOmGlDBELt.jpg', 'Cartulina color fucsia, tamaño 50x70 cm, ideal para manualidades y proyectos creativos.'),
(403, 1, 4, 'cartulina Amarilla 50x70 cm MP', 0.71, 69, 'jZqrT-fDAS.jpg', 'Cartulina color amarillo, tamaño 50x70 cm, perfecta para proyectos escolares y artísticos.'),
(404, 1, 4, 'Kit de Manualidades Titeres 7+ Bambary', 5.54, 56, 'iaMKiia2cJ.jpg', 'Kit completo para crear títeres, recomendado para niños mayores de 7 años, incluye materiales y guía.'),
(405, 1, 4, 'Papel de Seda Color Fuscia 50cm x 75cm HM6003 Foska 10 Und', 1.77, 51, '3JtqE59r3o.jpg', 'Papel de seda color fucsia, tamaño 50x75 cm, ideal para envolver regalos y manualidades delicadas.'),
(406, 1, 4, 'Papel de Seda Metalizado Dorado y Plateado Bambary 3 Und', 1.16, 66, 'Dgx4XFOYBl.jpg', 'Papel de seda metalizado en colores dorado y plateado, perfecto para decoraciones y manualidades brillantes.'),
(407, 1, 4, 'Cartulina Metalizada Plateado 50x65', 1.29, 58, 'K9gNbpDAp0.jpg', 'Cartulina metalizada plateada, tamaño 50x65 cm, ideal para tarjetas, invitaciones y proyectos festivos.'),
(408, 1, 4, 'Pintura al Frio Color Negro Crisvi 80ml', 0.71, 56, 'QLx3_k440C.jpg', 'Pintura al frío color negro, envase de 80 ml, ideal para manualidades y proyectos escolares.'),
(409, 1, 4, 'Marcadores Fluorescentes 1.0mm MP 4und', 5.14, 53, '6WUSVI9Sp8.jpg', 'Set de 4 marcadores fluorescentes con punta de 1.0 mm, colores brillantes para resaltar textos.'),
(410, 1, 4, 'Porta Clips Imantado Color Negro', 1.75, 60, 'IHxarN9_m-.jpg', 'Porta clips imantado color negro, práctico para organizar clips y mantener el escritorio ordenado.'),
(411, 1, 4, 'Pega Blanca para Carpintería Idhea 500g', 2.67, 58, 'uW33g2GNGB.jpg', 'Pega blanca para carpintería Idhea, envase de 500 gramos, ideal para trabajos en madera y manualidades.'),
(412, 1, 4, 'Cordel Matizado #6 (grosor alto) 120g', 2.01, 53, 'W603K5fX1T.jpg', 'Cordel matizado #6, grosor alto, 120 gramos, perfecto para manualidades, decoración y embalaje.'),
(413, 1, 4, 'Album The Amazing Spider-Man Panini', 4, 52, 'zgw3caMi87.jpg', 'Álbum de colección The Amazing Spider-Man de Panini, para completar con tus personajes favoritos.'),
(414, 1, 4, 'Kit de Manualidades Cintillo 8+ Bambary', 5.54, 54, 'J3rtzwAp4x.jpg', 'Kit completo para crear cintillos, recomendado para niños mayores de 8 años, incluye materiales e instrucciones.'),
(415, 1, 4, 'Marcador de Pizarra Color Negro MK8001 Foska', 0.63, 65, 'i8LPN7OWuv.jpg', 'Marcador de pizarra color negro, modelo MK8001 Foska, ideal para uso en pizarras blancas.'),
(416, 1, 4, 'Lápiz de Grafito para Dibujo 2H Turquoise Prismacolor 12 Und', 4.28, 52, 'EeczGa2HFo.jpg', 'Lápiz de grafito para dibujo 2H, marca Turquoise Prismacolor, ideal para detalles y líneas finas.'),
(417, 1, 4, 'Resaltadores Fluorescentes 1/4mm PE531 Mp 6 Und', 5, 52, 'V-pec3qgHq.jpg', 'Set de 6 resaltadores fluorescentes con punta de 1/4 mm, colores vivos para resaltar textos importantes.'),
(418, 1, 4, 'Cubos de Madera Bambary 18und', 5, 53, 'fkWNx96fLP.jpg', 'Set de 18 cubos de madera natural, ideales para juegos, manualidades y proyectos creativos.'),
(419, 1, 4, 'Colores Pasteles MP 12 Und', 4.71, 63, 'wHzVrEi7Iw.jpg', 'Set de 12 lápices de colores en tonos pastel, ideales para dibujar y colorear con suavidad.'),
(420, 1, 4, 'Lápices Ecológico HB Color Naranja TPP-6C Pointer 12 Und', 1.31, 57, 'Qt9dSVXSax.jpg', 'Lápiz ecológico HB color naranja, fabricado con materiales sostenibles, para escritura y dibujo.'),
(421, 1, 4, 'Cilindros de Madera Multicolor Bambary 18und', 5, 52, 'SSWi1GtbF_.jpg', 'Set de 18 cilindros de madera multicolor, ideales para manualidades, juegos y proyectos creativos.'),
(422, 1, 4, 'Marcador de Pizarra Color Verde MK8001 Foska', 0.63, 54, 'PMqEiyjvkz.jpg', 'Marcador de pizarra color verde, modelo MK8001 Foska, ideal para uso en pizarras blancas.'),
(423, 1, 4, 'Kit de Manualidades Cintillo de Fantasia 7+ Bambary', 5.54, 52, 'Xr2HcJgsQa.jpg', 'Kit completo para crear cintillos de fantasía, recomendado para niños mayores de 7 años, incluye materiales y guía.'),
(424, 1, 4, 'Resaltadores Fluorescentes PE516 Mp 6 Und', 4.57, 56, 'i_xHsaZ-T9.jpg', 'Set de 6 resaltadores fluorescentes, colores vibrantes para resaltar textos importantes.'),
(425, 1, 4, 'Plantilla de Figuras Geométricas PL011 Mp 22cm', 2.71, 56, 'itA8ZARVWd.jpg', 'Plantilla con figuras geométricas, tamaño 22cm, ideal para dibujo técnico y diseño.'),
(426, 1, 4, 'Pega Blanca Bambary 250ml', 2.27, 60, 'bgoBEu-LUA.jpg', 'Pega blanca Bambary, envase de 250 ml, ideal para manualidades, papel y cartón.'),
(427, 1, 4, 'Resaltadores Fluorescentes 2/5mm PE489 Mp 6 Und', 5, 52, 'tLkwXrsdw_.jpg', 'Set de 6 resaltadores fluorescentes con punta de 2/5 mm, colores intensos para destacar textos.'),
(428, 1, 4, 'Diccionario Básico Bilingüe Esp-Ing e Ing-Esp Larousse', 8.57, 51, 'z99N0OZAU2.jpg', 'Diccionario básico bilingüe español-inglés e inglés-español Larousse, ideal para estudiantes.'),
(429, 1, 4, 'Marcadores Textil 2mm PE474 Mp', 6.43, 60, 'Jtjptf3DyP.jpg', 'Set de marcadores para textil con punta de 2mm, para personalizar telas y ropa.'),
(430, 1, 4, 'Plastilinas MD7003 Foska 240g 4 Und', 5.03, 51, 'mbykNRn9Pz.jpg', 'Set de 4 plastilinas Foska, 240 gramos, colores variados para modelar y crear figuras.'),
(431, 1, 4, 'Figuras de Madera Corazón Bambary 60 und', 2.37, 71, '99H8ba9Jlo.jpg', 'Set de 60 figuras de madera con forma de corazón, ideales para manualidades y decoración.'),
(432, 1, 4, 'Lápices de Grafito No 2 HB OK208 Ofimak 12 Und', 1.43, 71, 'REDsZ3gaPI.jpg', 'Paquete de 12 lápices de grafito No 2 HB, marca OK208 Ofimak, ideales para escritura y dibujo.'),
(433, 1, 4, 'Lápices Ecológico HB Color Amarillo TPP-6C Pointer 12 Und', 1.23, 52, '16Mn3lDr_Y.jpg', 'Lápiz ecológico HB color amarillo, fabricado con materiales sostenibles, para escritura y dibujo.'),
(434, 1, 4, 'Tijera Ergonomica Azul con Verde 15,2cm Bambary', 1.83, 62, 'pDe-mHUyuM.jpg', 'Tijera ergonómica con diseño azul y verde, longitud 15,2 cm, cómoda y segura para uso escolar.'),
(435, 1, 4, 'Pintadedos Verde Claro Solita 100g', 2.22, 55, 'wOYcvWKDkH.jpg', 'Pintadedos color verde claro Solita, envase de 100 gramos, ideal para niños y manualidades.'),
(436, 1, 4, 'Cuaderno Pequeño Cuadriculado para Niña Diseño Variado Norma 100 Hojas', 1.04, 58, 'us0qzLYEXR.jpg', 'Cuaderno pequeño cuadriculado para niña, diseño variado, ideal para tareas escolares y notas.'),
(437, 1, 4, 'Lápices Ecológico HB Color Azul TPP-6C Pointer 12 Und', 1.23, 54, 'LX8b9CcKCm.jpg', 'Lápiz ecológico HB color azul, fabricado con materiales sostenibles, para escritura y dibujo.'),
(438, 1, 4, 'Agenda con Cierre Magnético N64K90018 Diseño Variado 1 Und', 5, 53, 'TdP-5I-seq.jpg', 'Agenda con cierre magnético, diseño variado, ideal para organización personal y profesional.'),
(439, 1, 4, 'Lapices Triangulares No 2 HB YP-12TA Pointer 12 Und', 1.7, 65, 'f8RBskECFG.jpg', 'Paquete de 12 lápices triangulares No 2 HB, marca Pointer, diseño ergonómico para escritura cómoda.'),
(440, 1, 4, 'Llavero de Conejo con Cinta Estampado BT21', 2.53, 52, 'HogNpzEqUe.jpg', 'Llavero con diseño de conejo y cinta estampada BT21, ideal para decorar llaves y bolsos.'),
(441, 1, 4, 'Llavero de Alpaca con Cinta Estampado BT21', 2.53, 52, 'ErR_WTcPw6.jpg', 'Llavero con diseño de alpaca y cinta estampada BT21, divertido y colorido.'),
(442, 1, 4, 'Tijera con Tapa Borrador Roja Fiskars', 1.73, 52, '5TN8b_EE9I.jpg', 'Tijera con tapa y borrador incorporado, marca Fiskars, color rojo, ideal para uso escolar.'),
(443, 1, 4, 'Cuchilla Retráctil de Acero Inoxidable Colores Variados Bambary 9mm', 0.6, 60, 'zfUTDvSndh.jpg', 'Cuchilla retráctil con hoja de acero inoxidable, colores variados, útil para manualidades y trabajos de corte.'),
(444, 1, 4, 'Mini Exacto Colores Variados SX-147 Foska 1 Und', 1, 57, 'opB9Qsu6Lg.jpg', 'Mini exacto con colores variados, modelo SX-147 Foska, herramienta precisa para cortes delicados.'),
(445, 1, 4, 'Pega en Barra PP002B Mp 2 Und', 3.43, 58, '4GBxhKNz3H.jpg', 'Set de 2 barras de pega PP002B marca MP, adhesivo práctico para papel y cartón.'),
(446, 1, 4, 'Ojos Moviles Multicolores Bambary 80und', 2.77, 55, 'LldzzhR9e0.jpg', 'Set de 80 ojos móviles multicolores, ideales para manualidades, títeres y decoración.'),
(447, 1, 4, 'Cinta Adhesiva Magnética MGT-30 1.2 x 76cm Pointer 2 Und', 2.44, 51, 'a5IuoDDllN.jpg', 'Cinta adhesiva magnética MGT-30 Pointer, dimensiones 1.2 x 76cm, ideal para fijar objetos en superficies metálicas.'),
(448, 1, 4, 'Cinta de Enmascarar 35m x 24mm Aladino', 1.79, 61, 'CIdIwogahf.jpg', 'Cinta de enmascarar Aladino, 35 metros de largo y 24mm de ancho, ideal para pintura y manualidades.'),
(449, 1, 4, 'Marcador Permanente Punta Media Color Morado Sharpie 1 Und', 2.02, 62, 'cUHrVCybZC.jpg', 'Marcador permanente Sharpie color morado, punta media, tinta duradera para escritura y dibujo.'),
(450, 1, 4, 'Cartulina Mágica Tamaño Carta Crisvi 6 Piezas', 2.08, 60, '5FuGdISIHN.jpg', 'Cartulina mágica tamaño carta Crisvi, paquete de 6 piezas, ideal para proyectos creativos y manualidades.'),
(451, 1, 4, 'Paleta para Pintar 17cm x 23cm PP214 Artix Paints', 2.71, 55, 'bjdEYoUEuu.jpg', 'Paleta para mezclar pinturas Artix Paints, dimensiones 17cm x 23cm, ideal para artistas y estudiantes.'),
(452, 1, 4, 'Kit Escolar Bambary 11 Und', 5.8, 54, 'ngYSuK5fhl.jpg', 'Kit escolar Bambary, incluye 11 piezas básicas para el colegio: lápices, colores, regla, goma, etc.'),
(453, 1, 4, 'Libro para Colorear SpongeBob & Patricio Bendon 40 Hojas', 5.33, 52, 'tTjg2_Srfc.jpg', 'Libro para colorear con temática de Bob Esponja y Patricio, 40 hojas con diseños divertidos.'),
(454, 1, 4, 'Marcadores de Pizarra Colores Variados 2/3mm PE494-6 MP 6 Und', 4.71, 58, '3KD0fA6mMT.jpg', 'Set de marcadores para pizarra con colores variados, punta 2/3mm, para uso en pizarras blancas.'),
(455, 1, 4, 'Libro para Colorear Raya And The Last Dragon Disney Jumbo Bendon 40 Hojas', 5.33, 53, 'SfwPcjMGsy.jpg', 'Libro para colorear con temática de Raya y El Último Dragón de Disney, diseños para niños.'),
(456, 1, 4, 'Figuras de Madera Estrella Bambary 60 und', 2.37, 70, 'FqM7XW1BXb.jpg', 'Set de 60 figuras de madera con forma de estrella, ideales para manualidades y decoración.'),
(457, 1, 4, 'Libro para Colorear Jojo Queen Bendon 40 Hojas', 5.33, 53, 'YmbgqEduE0.jpg', 'Libro para colorear con temática Jojo Queen, 40 hojas con diseños variados para niños.'),
(458, 1, 4, 'Resaltador Color Rosado Sharpie', 1.69, 54, 'WUH2dDA4Ex.jpg', 'Resaltador Sharpie color rosado, ideal para destacar textos y apuntes.'),
(459, 1, 4, 'Libro para Colorear Vol N#1 OK172 Ofimak 18 Hojas', 3.35, 51, 'QiYF5uG7yW.jpg', 'Libro para colorear Vol N#1, marca OK172 Ofimak, 18 hojas con dibujos para niños.'),
(460, 1, 4, 'Marcadores Rotulados Clásicos MP 24 Und', 5.29, 55, 'LloD5gGcB3.jpg', 'Set de marcadores rotulados clásicos MP, 24 unidades, colores variados para dibujo y escritura.'),
(461, 1, 4, 'Lápiz de Grafito Hex 7\" HB Negro Neon Bambary 4und', 1.07, 63, '7Uou5BkEM1.jpg', 'Set de 4 lápices de grafito hexagonal de 7 pulgadas, color negro neón, marca Bambary.'),
(462, 1, 4, 'Libro para Colorear Scooby Doo Bendon 40 Hojas', 5.33, 52, 'hdFpI895XQ.jpg', 'Libro para colorear con temática de Scooby Doo, 40 hojas con diseños divertidos para niños.'),
(463, 1, 4, 'Libro para Colorear Anna y Elsa Kids Bendon 40 Hojas', 5.35, 53, '4JW2ibZBx9.jpg', 'Libro para colorear con temática de Anna y Elsa, 40 hojas con diseños divertidos para niños.'),
(464, 1, 4, 'Libro para Colorear Princess Giant 144 Hojas', 5.33, 51, 'R97owhwGA0.jpg', 'Libro gigante para colorear con temática de princesas, 144 hojas con dibujos variados.'),
(465, 1, 4, 'Colores de Madera Corona de 12 und', 5.8, 56, 'XIW_JAJiVD.jpg', 'Set de 12 lápices de colores de madera marca Corona, colores variados para dibujar y colorear.'),
(466, 1, 4, 'Portaminas + Minas 0.5 mm MP', 3, 65, 'Xlj3fgswpv.jpg', 'Portaminas con minas de 0.5 mm, marca MP, ideal para escritura precisa y dibujo técnico.'),
(467, 1, 4, 'Pega en Barra con Aroma a Manzana Pointer 6g', 1.26, 55, 'cQZxDEZz9Z.jpg', 'Barra de pega con aroma a manzana, 6 gramos, marca Pointer, adhesivo práctico y aromático.'),
(468, 1, 4, 'Bolígrafos Punta Circular 1.0mm BL121 Ofimak 3 Und', 0.79, 52, 'ny_nAnt8-3.jpg', 'Set de 3 bolígrafos con punta circular de 1.0 mm, marca BL121 Ofimak, tinta suave para escritura.'),
(469, 1, 4, 'Pega en Barra con Aroma a Uva Pointer 6g', 1.26, 53, 'KGTeWPSvHA.jpg', 'Barra de pega con aroma a uva, 6 gramos, marca Pointer, adhesivo práctico y aromático.'),
(470, 1, 4, 'Juego Geometrico Pointer 4pza', 0.79, 55, 'YT_fteaDFg.jpg', 'Juego geométrico Pointer, incluye 4 piezas básicas para dibujo técnico y escolar.'),
(471, 1, 4, 'Lápiz de Grafito para Dibujo 2B Turquoise Prismacolor 12 Und', 4.28, 53, 'TbQkLA5SYA.jpg', 'Lápiz de grafito para dibujo 2B, marca Turquoise Prismacolor, ideal para sombreado y detalles.'),
(472, 1, 4, 'Marcadores Doble Puntas 12 Colores MP', 8.86, 63, 'vVtQRlAAdu.jpg', 'Set de marcadores con doble punta, 12 colores variados, ideales para dibujo y diseño.'),
(473, 1, 4, 'Bolígrafos de Colores 1mm PE230-1 Soft-Touch Mp', 4.29, 59, 'V21f8GBOVN.jpg', 'Set de bolígrafos de colores con punta de 1mm, diseño soft-touch para escritura cómoda y fluida.'),
(474, 1, 4, 'Bolígrafos Triangulares 1.0mm BL111 Ofimak 3 Und', 1.31, 66, 'Dvb-2N-1CK.jpg', 'Bolígrafos triangulares con punta de 1.0mm, paquete de 3 unidades, ideales para escritura ergonómica.'),
(475, 1, 4, 'Llavero de Letra E Mariposa y Fleco', 4, 51, 'k6RHqvstSs.jpg', 'Llavero decorativo con letra E, mariposa y fleco, ideal para personalizar llaves y accesorios.'),
(476, 1, 4, 'Estambre Naranja Claro Bambary 15g', 0.63, 64, 'Od_G1uV_PY.jpg', 'Estambre color naranja claro, marca Bambary, 15 gramos, ideal para manualidades y tejidos.'),
(477, 1, 4, 'Regla Flexible 30cm Colores Variados Pointer 1 Und', 0.7, 52, 'ntgmzNJwgq.jpg', 'Regla flexible de 30cm con colores variados, marca Pointer, práctica para uso escolar y artístico.'),
(478, 1, 4, 'Regla Flexible Colores Variados Bambary 30cm', 0.7, 61, '9ypbMLmidl.jpg', 'Regla flexible de 30cm en colores variados, marca Bambary, resistente y fácil de usar.'),
(479, 1, 4, 'Cinta de Raso Número 2 Color Rosado Bambary 3/8\" x 5 Mts', 0.29, 55, 'VlX7omVLqz.jpg', 'Cinta de raso número 2 color rosado, tamaño 3/8\" x 9 metros, ideal para manualidades y decoración.'),
(480, 1, 4, 'Cinta de Raso Número 3 Color Gris Bambary 5/8\" x 5 Mts', 0.33, 54, 'k0or4x-qOx.jpg', 'Cinta de raso número 3 color gris, tamaño 5/8\" x 5 metros, perfecta para proyectos creativos.'),
(481, 1, 4, 'Cinta de Raso Número 1 Color Rosado Bambary 1/4\" x 5 Mts', 0.27, 55, 'lnz5fZdWWz.jpg', 'Cinta de raso número 1 color rosado, tamaño 1/4\" x 9 metros, ideal para detalles y decoraciones.'),
(482, 1, 4, 'Cinta de Raso Número 1 Color Azul Marino Bambary 1/4\" x 5 Mts', 0.27, 56, 'nZEl-xRj8J.jpg', 'Cinta de raso número 1 color azul marino, tamaño 1/4\" x 9 metros, para manualidades y regalos.'),
(483, 1, 4, 'Cinta de Regalo Amarillo Verde y Lila Bambary 5/8\" x 22 Mts 3 Und', 2.56, 60, '6-3Kp4uhPU.jpg', 'Cinta de regalo en colores amarillo, verde y lila, tamaño 5/8\" x 9 metros, ideal para empaques y detalles.'),
(484, 1, 4, 'Cartulina Color Azul 70cm x 50cm Mp', 0.71, 69, 'iQMV6g0iGn.jpg', 'Cartulina color azul, tamaño 70x50 cm, marca MP, ideal para manualidades y proyectos escolares.'),
(485, 1, 4, 'Cartulina Color Bronce Escarchada 65cm x 50cm PN273', 1.29, 63, 'hMcmWawPZC.jpg', 'Cartulina color bronce escarchada, tamaño 65x50 cm, marca PN27, perfecta para proyectos creativos.'),
(486, 1, 4, 'Papel Crepe Verde Fluorescente Bambary 1 Und', 1.16, 53, 'KhFRvUIhBS.jpg', 'Papel crepé color verde fluorescente, marca Bambary, ideal para decoraciones y manualidades llamativas.'),
(487, 1, 4, 'Cartulina Corrugada Colores Variados Bambary 6und', 2.46, 62, '_JG-XjvnbG.jpg', 'Set de 6 cartulinas corrugadas en colores variados, marca Bambary, para proyectos escolares y creativos.'),
(488, 1, 4, 'Rafia de Papel Blanco Mostaza y Azul Bambary 3 Und', 2.27, 54, 'ZtphE4cAQC.jpg', 'Set de 3 rafias de papel en colores blanco, mostaza y azul, ideales para manualidades y embalaje.'),
(489, 1, 4, 'Papel Crepe Salmón Bambary 1 Und', 0.7, 53, 'dQDKLnwFKp.jpg', 'Papel crepé color salmón, marca Bambary, ideal para decoraciones y manualidades delicadas.'),
(490, 1, 4, 'Cartulina Color Morado Escarchado 65cm x 50 Mp', 1.29, 61, 'wkvbTrcJbp.jpg', 'Cartulina color morado escarchado, tamaño 65x50 cm, ideal para proyectos artísticos y festivos.'),
(491, 1, 4, 'Rompecabezas Monster Jam 24pcs', 5.33, 51, 'BafwyPHpIg.jpg', 'Rompecabezas Monster Jam de 24 piezas, divertido y educativo para niños.'),
(492, 1, 4, 'Estambre Purpura Bambary 15g', 0.63, 73, '5iJWqzkHpb.jpg', 'Estambre color púrpura, marca Bambary, 15 gramos, ideal para manualidades y tejidos.'),
(493, 1, 4, 'Llavero Corazón y Rosa Roja', 4, 52, 'kTiEkbwZ6R.jpg', 'Llavero con diseño de corazón y rosa roja, ideal para decorar llaves y accesorios.'),
(494, 1, 4, 'Llavero Rosa Corazón y Lazo', 4, 51, 'OtvH3SAeGe.jpg', 'Llavero con diseño de rosa, corazón y lazo, perfecto para personalizar tus pertenencias.'),
(495, 1, 4, 'Cinta de Raso Número 5 Color Fucsia Bambary 1\" x 5 Mts', 0.4, 53, 'x0Z4qGB0NY.jpg', 'Cinta de raso número 5 color fucsia, tamaño 1\" x 5 metros, para manualidades y decoraciones vibrantes.'),
(496, 1, 4, 'Foami Color Bronce Escarchado 60cm x 40cm PN574-04 MP', 1.57, 63, 'X1fB8HIkZG.jpg', 'Hoja de foami color bronce escarchado, tamaño 60x40 cm, ideal para manualidades y decoración.'),
(497, 1, 4, 'Cinta de Raso Número 5 Color Azul Marino Bambary 1\" x 5 Mts', 0.4, 55, 'PXdouTHFfV.jpg', 'Cinta de raso número 5 color azul marino, tamaño 1\" x 5 metros, para proyectos creativos.'),
(498, 1, 4, 'tijera Fiskars fucsia + 12 años 1 unid', 7.14, 55, 'iPqhoFyZsj.jpg', 'Tijera marca Fiskars color fucsia, recomendada para mayores de 12 años, corte preciso y seguro.'),
(499, 1, 4, 'Papel de Seda Color Morado 50cm x 75cm HM6003 Foska 10 Und', 1.77, 52, '23w0lfGGGS.jpg', 'Papel de seda color morado, tamaño 50x75 cm, marca HM6003 Foska, ideal para manualidades delicadas.'),
(500, 1, 4, 'Cartulina de Color Rosa Pastel 66cm x 50cm Crisvi', 0.55, 78, 'EZPKLJS8W3.jpg', 'Cartulina color rosa pastel, tamaño 66x50 cm, marca Crisvi, perfecta para proyectos escolares y creativos.'),
(501, 1, 4, 'Papel de Seda Azul Bambary 3 Und', 0.56, 61, '_eQj81xNKf.jpg', 'Set de 3 hojas de papel seda color azul, marca Bambary, ideal para manualidades y envolturas.'),
(502, 1, 4, 'Kit de Manualidades Oso Peresoso 8+ Bambary', 5.54, 55, '2QLv8EF1_a.jpg', 'Kit de manualidades con temática de oso perezoso, recomendado para niños mayores de 8 años.'),
(503, 1, 4, 'Pintura al Frio Color Rosado Crisvi 80ml', 0.67, 58, 'CNwyk124XH.jpg', 'Pintura al frío color rosado, envase de 80 ml, ideal para manualidades y proyectos escolares.'),
(504, 1, 4, 'Bolígrafo Tinta Liquida 0.5mm PE240-04 MP 3und', 4.71, 61, 'ZEsUKOXl43.jpg', 'Set de 3 bolígrafos con tinta líquida y punta de 0.5 mm, marca MP, para escritura suave y precisa.'),
(505, 1, 4, 'Saca Grapas Pointer 1 Und', 0.77, 58, 'oVbjAT6XCt.jpg', 'Saca grapas Pointer, herramienta práctica para oficina y escuela.'),
(506, 1, 4, 'Lapices de Colores Doble Punta MP 12und', 5.71, 57, 'dRja3dDRbW.jpg', 'Set de 12 lápices de colores doble punta, ideales para dibujo y coloreado detallado.'),
(507, 1, 4, 'Pega Blanca para Carpintería Idhea 250g', 1.53, 68, '4fcKqkC-gi.jpg', 'Pega blanca para carpintería Idhea, envase de 250 gramos, adhesivo fuerte para trabajos en madera.'),
(508, 1, 4, 'Regla Plastica de 30cm Bambary', 0.41, 68, 'gHVZqB9VB8.jpg', 'Regla plástica de 30 cm, marca Bambary, resistente y práctica para uso escolar y profesional.'),
(509, 1, 4, 'Libro para Colorear Ositos Cariñositos Dream Team', 5.33, 53, 'e75b9Tjb8A.jpg', 'Libro para colorear con temática de ositos cariñositos, marca Dream Team, ideal para niños.'),
(510, 1, 4, 'Plantilla de Letras PL032 Mp 20cm', 1.57, 54, 'IYrLEly7qn.jpg', 'Plantilla de letras PL032 Mp tamaño 20 cm, ideal para dibujo y manualidades.'),
(511, 1, 4, 'Boligrafo Multicolor Unicornio MP 1 Und', 3.57, 53, 'Xv9IHsOy2O.jpg', 'Bolígrafo multicolor con diseño de unicornio, marca MP, 1 unidad, tinta suave y colores vibrantes.'),
(512, 1, 4, 'Tabla de Anotaciones Tamaño Carta Diseño Variado', 3.57, 59, 'WJ5SpuTz0d.jpg', 'Tabla de anotaciones tamaño carta con diseño variado, práctica para organización y notas.'),
(513, 1, 4, 'Kit de Manualidades Corona de Princesa 6+ Bambary', 5.54, 51, 'yYbVPy3-5i.jpg', 'Kit de manualidades con temática de corona de princesa, recomendado para niños mayores de 6 años.'),
(514, 1, 4, 'Lapices de Grafito Colores Variados MP 4 Und', 2.43, 53, 'dlOqK5nXzS.jpg', 'Set de 4 lápices de grafito con colores variados, ideales para dibujo y escritura.'),
(515, 1, 4, 'Grapadora Colores Variados PA616 Mp 2 Und', 7.86, 58, 'dSMztV-76V.jpg', 'Set de 2 grapadoras en colores variados, marca PA616 Mp, para oficina y escuela.'),
(516, 1, 4, 'Figuras de Madera Corazón Bambary 60 und', 2.37, 71, '99H8ba9Jlo.jpg', 'Set de 60 figuras de madera con forma de corazón, ideales para manualidades y decoración.'),
(517, 1, 4, 'Lápices de Colores Pasteles Hexagonal CPP-12-PA Pointer 12 Und', 2.31, 55, 'zP18LtrzD8.jpg', 'Set de 12 lápices de colores pastel hexagonales, marca CPP-12-PA Pointer, suaves y fáciles de usar.'),
(518, 1, 4, 'Plantilla de Circulos PL012 Mp 20cm', 2.71, 53, 'ixyw6jScG4.jpg', 'Plantilla de círculos PL012 Mp tamaño 20 cm, ideal para dibujo técnico y manualidades.'),
(519, 1, 4, 'Marcador de Pintura Blanco 3mm PE439 Mp', 3.43, 52, 'SwpgS_bmC0.jpg', 'Marcador de pintura blanco con punta de 3 mm, marca PE439 Mp, ideal para manualidades y arte.'),
(520, 1, 4, 'Grapadora Tenaza Color Rojo PA628C Mp', 8.57, 54, 'f7FE37jnhW.jpg', 'Grapadora tenaza color rojo, modelo PA628C Mp, resistente y práctica para oficina.'),
(521, 1, 4, 'Almohadilla Metálica SP-2000-BK Pointer', 1.16, 56, 'A0adkqj3qz.jpg', 'Almohadilla metálica SP-2000-BK Pointer, para uso con sellos y manualidades.'),
(522, 1, 4, 'Cilindros de Madera Multicolor Bambary 18und', 5, 52, 'SSWi1GtbF_.jpg', 'Set de 18 cilindros de madera multicolor, marca Bambary, ideales para manualidades y juegos.'),
(523, 1, 4, 'Marcador Metálico Color Plateado 2mm PE180P MP', 1.71, 62, 'W3dY9NVLXa.jpg', 'Marcador metálico color plateado con punta de 2 mm, modelo PE180P MP, ideal para decoración.'),
(524, 1, 4, 'Cuaderno Mediano Cuadriculado para Niña Diseño Variado Norma 100 Hojas', 1.55, 57, 'sbEVb2vgX9.jpg', 'Cuaderno mediano cuadriculado para niña con diseño variado, ideal para la escuela.'),
(525, 1, 4, 'Pega Blanca Bambary 250ml', 2.27, 60, 'bgoBEu-LUA.jpg', 'Pega blanca Bambary, envase de 250 ml, adhesivo práctico para papel y manualidades.'),
(526, 1, 4, 'Lápices Escarchado Color Verde HB N#2 GHB-6 Pointer 12 Und', 1.69, 65, 'bP_42XGkiO.jpg', 'Lápices escarchados color verde HB N#2, marca GHB-6 Pointer, paquete de 12 unidades.'),
(527, 1, 4, 'Pintadedos Lila Solita 100g', 2.22, 52, 'GDewS8d6rx.jpg', 'Pintadedos color lila Solita, envase de 100 gramos, ideal para niños y manualidades.'),
(528, 1, 4, 'Diccionario Básico Bilingüe Esp-Ing e Ing-Esp Larousse', 8.57, 51, 'z99N0OZAU2.jpg', 'Diccionario básico bilingüe español-inglés e inglés-español Larousse, ideal para estudiantes.'),
(529, 1, 4, 'Barra de Plastilina MD1001 Foska 18 Und', 2.74, 53, 'F7eV5J4-SV.jpg', 'Set de 18 barras de plastilina Foska, modelo MD1001, colores variados para modelar.'),
(530, 1, 4, 'Marcador de Pizarra Color Rojo MK8001 Foska', 0.63, 52, 'aui_uxVXJd.jpg', 'Marcador de pizarra color rojo, modelo MK8001 Foska, ideal para pizarras blancas.'),
(531, 1, 4, 'Tachuela de Colores PL10-50X Foska 50 Und', 0.74, 61, 'jN8KX39xuk.jpg', 'Set de 50 tachuelas de colores, modelo PL10-50X Foska, para manualidades y decoración.');
INSERT INTO `productos` (`idproducto`, `idestatus`, `idcategoria`, `nombre`, `precio`, `stock`, `imagen`, `descripcion`) VALUES
(532, 1, 4, 'Cilindros de Madera Bambary 18und', 5, 52, 'BITm4TYliM.jpg', 'Set de 18 cilindros de madera natural, marca Bambary, ideales para manualidades y juegos.'),
(533, 1, 4, 'Marcadores de Arte Corporal Punta Brocha FP-211 Pointer 8 Und', 4.9, 53, 'aUcgCyD9Nl.jpg', 'Set de marcadores de arte corporal con punta de brocha, modelo FP-211 Pointer.'),
(534, 1, 4, 'Cuaderno Pequeño Cuadriculado para Niño Diseño Variado Norma 100 Hojas', 1.04, 61, 'JBiHRVh5mw.jpg', 'Cuaderno pequeño cuadriculado para niño con diseño variado, ideal para la escuela.'),
(535, 1, 4, 'Colores Jumbo Pointer 12 Und', 3.37, 57, '7UonZVTitq.jpg', 'Set de 12 colores jumbo Pointer, ideales para dibujo y coloreado.'),
(536, 1, 4, 'Creyones de Cera Bambary 4 Und', 0.29, 61, 'i2kmTnerhN.jpg', 'Set de 4 creyones de cera Bambary, colores vivos y fáciles de usar para niños.'),
(537, 1, 4, 'Borrador para Pizarra Colores Variados BE1021 Foska 1 Und', 1.2, 51, 'DnskaroD2S.jpg', 'Borrador para pizarra en colores variados, modelo BE1021 Foska, práctico y duradero.'),
(538, 1, 4, 'Agenda Tapa Dura Diseño Variado Love You Pointer', 2.56, 52, 'YGsulZ7wiB.jpg', 'Agenda tapa dura con diseño variado, modelo Love You Pointer, ideal para organización.'),
(539, 1, 4, 'Cuaderno Mediano Cuadriculado para Niño Diseño Variado Norma 100 Hojas', 1.55, 52, 'ajO1uj5T5m.jpg', 'Cuaderno mediano cuadriculado para niño con diseño variado, ideal para la escuela.'),
(540, 1, 4, 'Lapices Triangulares No 2 HB YP-12TA Pointer 12 Und', 1.7, 65, 'f8RBskECFG.jpg', 'Paquete de 12 lápices triangulares No 2 HB, marca Pointer, diseño ergonómico para escritura cómoda.'),
(541, 1, 4, 'Resaltadores Fluorescentes 2/5mm PE489 Mp 6 Und', 5, 52, 'tLkwXrsdw_.jpg', 'Set de 6 resaltadores fluorescentes con punta de 2/5 mm, colores intensos para destacar textos.'),
(542, 1, 4, 'Tijera Multiproposito Amarillo con Verde 20,3cm Bambary', 2.7, 59, '5sBzeIyJTa.jpg', 'Tijera multipropósito color amarillo con verde, longitud 20.3 cm, marca Bambary.'),
(543, 1, 4, 'Llavero de Cachorro con Cinta Estampado BT21', 2.53, 51, 'oRDBQ5d9qa.jpg', 'Llavero con diseño de cachorro y cinta estampada BT21, ideal para decorar llaves y accesorios.'),
(544, 1, 4, 'Marcadores Permanentes Punta Fina 2mm BL87 Ofimak 3 Und', 1.47, 55, 'xKaz0Xd1Uc.jpg', 'Set de marcadores permanentes con punta fina de 2 mm, modelo BL87 Ofimak.'),
(545, 1, 4, 'Super Pegamento Liquido 3M 2g', 1.44, 78, 'Z2tvwKrlnY.jpg', 'Super pegamento líquido 3M, envase de 2 gramos, adhesivo fuerte y rápido.'),
(546, 1, 4, 'Barras de Silicon Grandes 4762P-700 Starmate 25 Und', 9.64, 53, 'W33pqGvyTI.jpg', 'Set de 25 barras de silicón grandes, modelo 4762P-700 Starmate, para manualidades y reparaciones.'),
(547, 1, 4, 'Paletas de Maderas de Colores Bambary 100 Und', 1.96, 56, 'bycaOH7222.jpg', 'Set de 100 paletas de madera de colores Bambary, para manualidades y juegos.'),
(548, 1, 4, 'Cinta de Enmascarar 35m x 18mm Aladino', 1.44, 59, 'yft9Zbjfoq.jpg', 'Cinta de enmascarar Aladino, 35 metros de largo y 18 mm de ancho, ideal para pintura y manualidades.'),
(549, 1, 4, 'Cinta para Ductos Reforzada 15m x 48mm Aladino', 3.63, 65, '8MwVCtkYoM.jpg', 'Cinta para ductos reforzada, 15 metros por 48 mm, marca Aladino, resistente y adhesiva.'),
(550, 1, 4, 'Libro para Colorear Spider-Man Young Bendon 40 Hojas', 5.33, 53, 'S2z2tJHVa-.jpg', 'Libro para colorear con temática Spider-Man Young, 40 hojas, marca Bendon.'),
(551, 1, 4, 'Pinceles Bambary 6 Und', 3.8, 60, 'Bzle1iQlOs.jpg', 'Set de 6 pinceles Bambary para pintura artística y manualidades.'),
(552, 1, 4, 'Libro para Colorear Trolls World Tour Jumbo Bendon 40 Hojas', 5.33, 53, 'N5wXczvT07.jpg', 'Libro para colorear con temática Trolls World Tour, edición jumbo, marca Bendon.'),
(553, 1, 4, 'Libro para Colorear Raya And The Last Dragon Disney Bendon 40 Hojas', 5.33, 51, 'pJcfJldbRO.jpg', 'Libro para colorear con temática Raya and The Last Dragon de Disney, para niños.'),
(554, 1, 4, 'Resaltador Color Verde Sharpie', 2.44, 60, 'NvOJD5bXED.jpg', 'Resaltador Sharpie color verde, ideal para destacar textos y apuntes.'),
(555, 1, 4, 'Libro para Colorear Jumbo My Little Pony Bendon 40 Hojas', 5.33, 52, 'CMjAKbJrAY.jpg', 'Libro para colorear jumbo con temática My Little Pony, 40 hojas, marca Bendon.'),
(556, 1, 4, 'Pincele de Punta Redonda Bambary 6 Und', 3.8, 61, 'EE1HfCwwgz.jpg', 'Set de 6 pinceles de punta redonda Bambary, ideales para pintura artística.'),
(557, 1, 4, 'Figura de Madera Piña Bambary', 1.96, 52, '2_Wb3ztDFi.jpg', 'Figura de madera con forma de piña, marca Bambary, para manualidades y decoración.'),
(558, 1, 4, 'Marcador Fino Color Azul Sharpie', 2.23, 67, 'LzRBmosVIK.jpg', 'Marcador fino color azul Sharpie, tinta permanente y resistente.'),
(559, 1, 4, 'Libro para Colorear Frozen 2 Bendon 40 Hojas', 5.33, 51, '_B6la02dvB.jpg', 'Libro para colorear con temática Frozen 2, 40 hojas, marca Bendon.'),
(560, 1, 4, 'Plastilina Pointer 6 Und', 1.7, 55, 'Yuzo0n4G86.jpg', 'Set de 6 plastilinas Pointer, colores variados para modelar y crear.'),
(561, 1, 4, 'Libro para Colorear Los Vengadores Bendon 40 Hojas', 5.33, 53, 'vxhOx0yG9j.jpg', 'Libro para colorear con temática Los Vengadores, 40 hojas, marca Bendon.'),
(562, 1, 4, 'Marcador Permanente Metalizado Dorado X-30 PE486-OR Mp', 2.14, 63, 'fSDiCfV1OL.jpg', 'Marcador permanente metalizado dorado, modelo X-30 PE486-O, ideal para decoración.'),
(563, 1, 4, 'Marcador Permanente Medio Azul Sharpie 1 Und', 2.22, 53, 'dDOxlNrwtb.jpg', 'Marcador permanente color azul, punta media, marca Sharpie, 1 unidad.'),
(564, 1, 4, 'Portaminas + Minas 0.5 mm MP', 3, 65, 'Xlj3fgswpv.jpg', 'Portaminas con minas de 0.5 mm, marca MP, ideal para escritura precisa y dibujo técnico.'),
(565, 1, 4, 'Lápiz de Grafito para Dibujo 2B Turquoise Prismacolor 12 Und', 4.28, 53, 'TbQkLA5SYA.jpg', 'Lápiz de grafito para dibujo 2B, marca Turquoise Prismacolor, ideal para sombreado y detalles.'),
(566, 1, 4, 'Marcadores Doble Punta Pincel Lettering Special PP917-18 Artix 18 Und', 9.43, 55, 'WuOTo9a22a.jpg', 'Set de marcadores con doble punta pincel, especial para lettering, modelo PP-10.'),
(567, 1, 4, 'Silicon Liquido Bambary 250ml', 4.19, 61, 'Hji1-K5030.jpg', 'Silicón líquido Bambary, envase de 250 ml, adhesivo fuerte para manualidades y reparaciones.'),
(568, 1, 4, 'Set de Exacto Mr Handy 2 Piezas', 1.71, 54, 'jfTxMY5FmX.jpg', 'Set de 2 exactos Mr Handy, herramienta precisa para cortes y manualidades.'),
(569, 1, 4, 'Juego Geometrico Pointer 4pza', 0.79, 55, 'YT_fteaDFg.jpg', 'Juego geométrico Pointer de 4 piezas, ideal para dibujo técnico y proyectos escolares.'),
(570, 1, 4, 'Bolígrafos de Colores 1mm PE230-1 Soft-Touch Mp', 4.29, 59, 'V21f8GBOVN.jpg', 'Set de bolígrafos de colores con punta de 1mm, diseño soft-touch para escritura cómoda y fluida.'),
(571, 1, 4, 'Llavero con Diseño de Girasol', 4, 51, '18yQm992V7.jpg', 'Llavero con diseño de girasol, colorido y resistente para decorar llaves y accesorios.'),
(572, 1, 4, 'Llavero de Arcoiris y Flor', 4, 51, '6nxuno0dUh.jpg', 'Llavero con diseño de arcoiris y flor, ideal para personalizar tus pertenencias con estilo.'),
(573, 1, 4, 'Marcadores Clasicos MP 12und', 3.57, 62, 'ydwIBqVtwr.jpg', 'Set de 12 marcadores clásicos MP, colores variados para dibujo y escritura.'),
(574, 1, 4, 'Regla Flexible Colores Variados Bambary 30cm', 0.7, 61, '9ypbMLmidl.jpg', 'Regla flexible de 30cm en colores variados, marca Bambary, resistente y práctica.'),
(575, 1, 4, 'Cinta de Raso Número 2 Color Marrón Bambary 3/8\" x 5 Mts', 0.29, 56, 'x9JPknHdgk.jpg', 'Cinta de raso número 2 color marrón, suave y brillante, ideal para lazos y decoraciones.'),
(576, 1, 4, 'Cinta de Raso Número 1 Color Rosado Bambary 1/4\" x 5 Mts', 0.27, 55, 'lnz5fZdWWz.jpg', 'Cinta de raso número 1 color rosado, con acabado lujoso y tacto suave, perfecta para adornos y proyectos creativos.'),
(577, 1, 4, 'Cinta de Raso Número 3 Color Verde Neon Bambary 5/8\" x 5 Mts', 0.33, 56, '1Eti9BnELc.jpg', 'Cinta de raso número 3 color verde neón, vibrante y flexible, ideal para manualidades y decoraciones llamativas.'),
(578, 1, 4, 'Cinta de Raso Número 1 Color Gris Bambary 1/4\" x 5 Mts', 0.27, 56, 'SosoXxmQ28.jpg', 'Cinta de raso número 1 color gris, con textura lisa y acabado elegante, perfecta para detalles decorativos.'),
(579, 1, 4, 'Cartulina Escolar Color Amarillo 65cm x 46cm Crisvi', 0.5, 60, '1oJcRHXp5o.jpg', 'Cartulina escolar color amarillo, tamaño 65x46 cm, marca Crisvi, ideal para manualidades y proyectos escolares.'),
(580, 1, 4, 'Papel Crepe Cian Bambary 1 Und', 0.7, 56, 'E6V6C1zRMO.jpg', 'Papel crepé color cian, marca Bambary, flexible y resistente para manualidades y decoraciones.'),
(581, 1, 4, 'Cartulina Color Turquesa Escarchada 65cm x 50cm PN276 MP', 1.29, 61, 'H6iL6W4-ZL.jpg', 'Cartulina color turquesa escarchada, tamaño 65x50 cm, marca PN, ideal para proyectos creativos.'),
(582, 1, 4, 'Cartulina Corrugada Colores Neon Variados Bambary 6und', 3.01, 54, 'o-PDafxLOe.jpg', 'Cartulina corrugada en colores neón variados, marca Bambary, para proyectos escolares y manualidades.'),
(583, 1, 4, 'Cartulina Color Azul 70cm x 50cm Mp', 0.71, 69, 'iQMV6g0iGn.jpg', 'Cartulina color azul, tamaño 70x50 cm, marca MP, ideal para manualidades y proyectos escolares.'),
(584, 1, 4, 'Papel Crepe Amarillo Claro Bambary 1 Und', 0.7, 62, 'iBnK4N3MLK.jpg', 'Papel crepé amarillo claro, marca Bambary, ideal para decoraciones y manualidades.'),
(585, 1, 4, 'Papel Crepe Naranja Bambary 1 Und', 0.7, 54, 'wtFDUEVLpM.jpg', 'Papel crepé color naranja, marca Bambary, flexible y resistente para manualidades y decoraciones.'),
(586, 1, 4, 'Cartulina Color Verde 70cm x 50cm Mp', 1.29, 52, 'hZFG5PouQQ.jpg', 'Cartulina color verde, tamaño 70x50 cm, marca MP, ideal para manualidades y proyectos escolares.'),
(587, 1, 4, 'Cinta de Regalo Rizada Verde Multicolor y Lila Bambary 3/16\" x 10 Mts 3 Und', 1.84, 58, 'OEGbZGnxQx.jpg', 'Cinta de regalo rizada en colores verde, multicolor y lila, marca Bambary, para decoraciones festivas.'),
(588, 1, 4, 'Rompecabezas Sirenita The Sea Under 24 Piezas', 5.33, 53, 'Rqw16m3gNQ.jpg', 'Rompecabezas Sirenita The Sea Under de 24 piezas, divertido y educativo para niños.'),
(589, 1, 4, 'Estambre Purpura Bambary 15g', 0.63, 73, '5iJWqzkHpb.jpg', 'Estambre color púrpura, marca Bambary, 15 gramos, ideal para manualidades y tejidos.'),
(590, 1, 4, 'Llavero Trio de Flores Negras', 4, 51, 'Y6-4HbfDdC.jpg', 'Llavero con diseño de trío de flores negras, colorido y resistente.'),
(591, 1, 4, 'Papel de Seda Color Azul 50cm x 75cm HM6003 Foska 10 Und', 1.77, 51, 'USLbLoMGCA.jpg', 'Papel de seda color azul, tamaño 50x75 cm, marca HM6003 Foska, ideal para manualidades delicadas.'),
(592, 1, 4, 'Cinta de Raso Número 5 Color Blanco Bambary 1\" x 5 Mts', 0.4, 63, 'mzGDPSOoWM.jpg', 'Cinta de raso número 5 color blanco, tamaño 1\" x 5 metros, para lazos y decoraciones.'),
(593, 1, 4, 'Cinta de Raso Número 5 Color Rosado Bambary 1\" x 5 Mts', 0.4, 54, 'tMOiv-gv2n.jpg', 'Cinta de raso número 5 color rosado, tamaño 1\" x 5 metros, para proyectos creativos y decorativos.'),
(594, 1, 4, 'Foami Dorado Escarchado 60cm x 40cm PN574-02 MP', 1.57, 62, 'P8iiZtwTAe.jpg', 'Foami color dorado escarchado, tamaño 60x40 cm, ideal para manualidades y decoración.'),
(595, 1, 4, 'Cinta de Raso Número 5 Color Azul Marino Bambary 1\" x 5 Mts', 0.4, 55, 'PXdouTHFfV.jpg', 'Cinta de raso número 5 color azul marino, tamaño 1\" x 5 metros, para manualidades y decoraciones.'),
(596, 1, 4, 'Papel de Seda Naranja Bambary 3 Und', 0.56, 74, 'l1d3VFnDrJ.jpg', 'Papel de seda color naranja, paquete de 3 unidades, marca Bambary, ideal para manualidades y envolturas.'),
(597, 1, 4, 'Papel de Seda Colores Metalizados Variados Bambary 3 Und', 1.16, 62, '10wTUYtlDw.jpg', 'Papel de seda metalizado en colores variados, marca Bambary, para decoraciones y manualidades.'),
(598, 1, 4, 'Kit de Manualidades Cintillo Rosado 8+ Bambary', 5.54, 56, '3f6PEQK9N-.jpg', 'Kit de manualidades para crear cintillos rosados, recomendado para niños mayores de 8 años.'),
(599, 1, 4, 'Pintura al Frio Color Azul Claro Crisvi 80ml', 0.7, 68, 'xkZFv40ztI.jpg', 'Pintura al frío color azul claro, envase de 80 ml, marca Crisvi, ideal para manualidades y proyectos escolares.'),
(600, 1, 4, 'Paleta para Pintar 17cm PP415 Artix Paints', 2.86, 53, 'ZRzbm1N2fw.jpg', 'Paleta para pintar de 17cm, modelo PP415 Artix Paints, para mezclar pinturas.'),
(601, 1, 4, 'Rotulador Punta Fina 0.4mm 6und PE206-3 MP', 4.29, 54, 'vqwa8OfYej.jpg', 'Set de 6 rotuladores punta fina 0.4mm, modelo PE206-3 MP, colores variados para dibujo y escritura.'),
(602, 1, 4, 'Resaltador Color Pastel MP 6und', 5, 61, 'yYjEmuUKK5.jpg', 'Set de 6 resaltadores color pastel MP, ideales para destacar textos con colores suaves.'),
(603, 1, 4, 'Pegamento Reparador Blanco 3M 37ml', 4.06, 65, '24CNNtlNti.jpg', 'Pegamento reparador blanco 3M, envase de 37 ml, adhesivo fuerte para reparaciones.'),
(604, 1, 4, 'Pinceles brushes Bambary 2 und', 2.27, 56, 'AcWT30afYz.jpg', 'Set de 2 pinceles brushes Bambary, ideales para pintura artística y manualidades.'),
(605, 1, 4, 'Silicona Liquida Bambary 100ml', 1.71, 61, '1sPocQqfjc.jpg', 'Silicona líquida Bambary, envase de 100 ml, adhesivo fuerte para manualidades y reparaciones.'),
(606, 1, 4, 'Kit de Manualidades Magdalena 7+ Bambary', 5.54, 54, '9TjuW85bC0.jpg', 'Kit de manualidades Magdalena, recomendado para niños mayores de 7 años, incluye materiales y guía.'),
(607, 1, 4, 'Lápices de Colores Fluor Triangulares PE327 Mp', 4.29, 55, 'xEsVJd9Y9E.jpg', 'Lápices de colores fluor triangulares PE327 MP, colores vivos para dibujo y coloreado.'),
(608, 1, 4, 'Carpetas Colores Variados QTY10 Foska 1 Und', 0.71, 63, 'Akyhj22RF5.jpg', 'Set de 10 carpetas en colores variados, marca Foska, ideales para organización de documentos.'),
(609, 1, 4, 'Tijera Ergonomica Verde 17,8cm Bambary', 2.19, 54, 'CK8xM6qwup.jpg', 'Tijera ergonómica verde de 17.8 cm, marca Bambary, cómoda y segura para uso escolar y oficina.'),
(610, 1, 4, 'Lápices Escarchado Color Azul HB N#2 GHB-6 Pointer 12 Und', 1.7, 57, 'OYYMPgcgaM.jpg', 'Lápices escarchados color azul HB N#2, marca GHB-6 Pointer, paquete de 12 unidades.'),
(611, 1, 4, 'Marcador de Pintura Negro PE431 MP 3mm', 3.43, 53, '8lRLJWrMu0.jpg', 'Marcador de pintura negro con punta de 3 mm, modelo PE431 MP, ideal para manualidades y arte.'),
(612, 1, 4, 'Papel Adhesivo Transparente 45cm X 3m Pointer', 4.69, 52, '_vcdU65616.jpg', 'Papel adhesivo transparente de 45cm x 3m, marca Pointer, para protección y decoración.'),
(613, 1, 4, 'Portaretrato de Madera con Forma de Estrella Bambary', 2.77, 52, 'XL0SSiFr1T.jpg', 'Portaretrato de madera con forma de estrella, marca Bambary, ideal para decoración.'),
(614, 1, 4, 'Lápices de Colores con Borrador Hexagonal Filgo 12 Und', 2.43, 58, 'maz1RD7t-j.jpg', 'Set de 12 lápices de colores con borrador hexagonal, marca Filgo, para dibujo y escritura.'),
(615, 1, 4, 'Creyones de Cera en Estuche Bambary 12 Und', 1.29, 58, 'rrqYVSglFE.jpg', 'Set de 12 creyones de cera Bambary, colores vivos y fáciles de usar para niños.'),
(616, 1, 4, 'Pega Blanca Bambary 125ml', 1.26, 64, 'VO4PbXUyL8.jpg', 'Pega blanca Bambary, envase de 125 ml, adhesivo práctico para papel y manualidades.'),
(617, 1, 4, 'Marcadores Trikids PP891 Mp 12 Und', 5.29, 52, '04prdDZg0p.jpg', 'Set de 12 marcadores Trikids PP891 MP, colores variados para dibujo y escritura.'),
(618, 1, 4, 'Borrador Retráctil Color Azul PG122 Mp 3 Und', 3.57, 55, '2VMt91zNyI.jpg', 'Set de 3 borradores retráctiles color azul, modelo PG122 MP, prácticos para correcciones.'),
(619, 1, 4, 'Paletas de Maderas Armables Bambary 50 Und', 2.64, 56, '1Qnc79ELht.jpg', 'Set de 50 paletas de madera armables Bambary, para manualidades y juegos creativos.'),
(620, 1, 4, 'Kit de Manualidades Llama 10+ Bambary', 5.54, 58, 'JBCdNgOwdS.jpg', 'Kit de manualidades con temática de llama, recomendado para niños mayores de 10 años.'),
(621, 1, 4, 'Acuarela con Brocha Bambary 12 Und', 1.86, 67, 'w2LGcEeUKw.jpg', 'Set de 12 acuarelas con brocha Bambary, colores vivos para pintura artística.'),
(622, 1, 4, 'Lápices Triangulares con Goma Hb Ergonomic PE324 MP 4 Und', 2.43, 54, 'PBI-KdDqQq.jpg', 'Set de 12 lápices triangulares con goma HB ergonómicos, modelo PE324 MP.'),
(623, 1, 4, 'Creyones de Ceras Colores Jumbo PP939 Mp 12 Und', 4, 63, 'K_wopOo-xL.jpg', 'Set de 12 creyones de cera jumbo PP939 MP, colores intensos para dibujo y coloreado.'),
(624, 1, 4, 'Silicon Liquido JB0100 Foska 100ml', 2.83, 56, 'ThXEvnrgWM.jpg', 'Silicona líquida JB0100 Foska, envase de 100 ml, adhesivo fuerte para manualidades y reparaciones.'),
(625, 1, 4, 'Pintadedos Lila Solita 100g', 2.22, 52, 'GDewS8d6rx.jpg', 'Pintadedos color lila Solita, envase de 100 gramos, ideal para niños y manualidades.'),
(626, 1, 4, 'Lápices Escarchado Color Verde HB N#2 GHB-6 Pointer 12 Und', 1.69, 65, 'bP_42XGkiO.jpg', 'Lápices escarchados color verde HB N#2, marca GHB-6 Pointer, paquete de 12 unidades.'),
(627, 1, 4, 'Marcadores Permanentes 4mm BL84 Ofimak 3 Und', 2.27, 58, 'cgiFTvhASA.jpg', 'Set de 3 marcadores permanentes de 4 mm, modelo BL84 Ofimak, colores variados.'),
(628, 1, 4, 'Lápices Escarchado Color Dorado HB N#2 GHB-6 Pointer 12 Und', 1.7, 60, 'vI4s72A95N.jpg', 'Lápices escarchados color dorado HB N#2, marca GHB-6 Pointer, paquete de 12 unidades.'),
(629, 1, 4, 'Resaltadores Fluorescente + Pasteles PE518 Mp 12 Und', 7.43, 57, 'fKSMSujWO-.jpg', 'Set de 12 resaltadores fluorescentes y pasteles PE518 MP, colores variados para destacar textos.'),
(630, 1, 4, 'Pega Blanca Escolar A-40 Foska 40g', 0.66, 61, 'MAfUryd6x-.jpg', 'Pega blanca escolar A-40 Foska, envase de 40 gramos, adhesivo seguro para niños.'),
(631, 1, 4, 'Colores Pasteles HCP-12T Pointer 12 Und', 2.04, 57, 'w7Wc2OuYSf.jpg', 'Set de 12 colores pastel HCP-12T Pointer, ideales para dibujo y coloreado suave.'),
(632, 1, 4, 'Pega Permanente en Barra 3M 15g', 2.07, 67, '1-e7DXXqsd.jpg', 'Barra de pega permanente 3M, 15 gramos, adhesivo fuerte y práctico.'),
(633, 1, 4, 'Llavero de Corazon con Cinta Estampado BT21', 2.53, 52, 'GQSqctIOQP.jpg', 'Llavero con diseño de corazón y cinta estampada BT21, colorido y resistente.'),
(634, 1, 4, 'Marcador para Bingo Color Verde Pintareta 80ml', 1.27, 67, 'QtMTHUwaji.jpg', 'Marcador para bingo color verde, envase de 80 ml, tinta vibrante y duradera.'),
(635, 1, 4, 'Exacto Multiusos de Titanio Scotch', 8.44, 60, 'aOra8Ix3L4.jpg', 'Exacto multiusos de titanio Scotch, herramienta resistente y precisa para cortes.'),
(636, 1, 4, 'Cinta de Montaje Doble Cara Pointer 19mm x 2.5m', 5.63, 51, 'HMCeNNfySb.jpg', 'Cinta de montaje doble cara Pointer, 19mm x 2.5m, adhesiva y resistente.'),
(637, 1, 4, 'Pistola de Silicon TL-0334 Glue Gun', 3.89, 55, 'aBqbw_GduJ.jpg', 'Pistola de silicón TL-0334 Glue Gun, herramienta para manualidades y reparaciones.'),
(638, 1, 4, 'Barras de Silicon Pequeñas JB2007C-100 Foska 12 Und', 1.91, 67, '8pdN8VxDlh.jpg', 'Set de 12 barras de silicón pequeñas JB2007C-100 Foska, para manualidades y reparaciones.'),
(639, 1, 4, 'Cinta de Enmascarar 35m x 36mm Aladino', 2.61, 58, 'sClQ3OQg6E.jpg', 'Cinta de enmascarar Aladino, 35 metros de largo y 36mm de ancho, ideal para pintura y manualidades.'),
(640, 1, 4, 'Cinta de Embalaje Impresa 35m x 48mm Aladino', 1.49, 59, 'h1kOX5ETsa.jpg', 'Cinta de embalaje impresa Aladino, 35 metros por 48 mm, adhesiva y resistente.'),
(641, 1, 4, 'Marcador Permanente Punta Fina Rojo Sharpie', 2.22, 69, 'W82EeuveLh.jpg', 'Marcador permanente punta fina color rojo Sharpie, tinta duradera y resistente.'),
(642, 1, 4, 'Libro para Colorear Minnie Rosse Jumbo Bendon 40 Hojas', 5.33, 52, 'FrnDJJ-n6o.jpg', 'Libro para colorear Minnie Rosse Jumbo Bendon, 40 hojas con diseños divertidos.'),
(643, 1, 4, 'Creyones de Cera Bambary 12 und', 0.81, 73, 'QQ8mxZWUbM.jpg', 'Set de 12 creyones de cera Bambary, colores vivos y fáciles de usar para niños.'),
(644, 1, 4, 'Pinceles Artísticos AB-5C Pointer 5 Und', 2.9, 55, 'cVKDK1wSSD.jpg', 'Set de 5 pinceles artísticos AB-5C Pointer, para pintura y manualidades.'),
(645, 1, 4, 'Bolígrafos de Gel RH2001-6 Foska 6 Und', 2.11, 53, 'GH3NYsiMSc.jpg', 'Set de 6 bolígrafos de gel RH2001-6 Foska, tinta suave y colores variados.'),
(646, 1, 4, 'Libro para Colorear Mickey Mouse Diseño Variado Bendon 40 Hojas', 5.33, 55, 'r0U0qkRx3P.jpg', 'Libro para colorear Mickey Mouse con diseño variado, marca Bendon.'),
(647, 1, 4, 'Libro para Colorear Rainbocorns Bendon 40 Hojas', 5.33, 51, 'k-fz3e2Pnk.jpg', 'Libro para colorear Rainbocorns Bendon, 40 hojas con diseños divertidos.'),
(648, 1, 4, 'Marcador de Tiza Liquida Blanco 2.3/2.5mm PE552B Mp', 4, 53, 'yM11iycuJq.jpg', 'Marcador de tiza líquida blanco, punta 2.3/2.5mm PE552B MP, ideal para pizarras.'),
(649, 1, 4, 'Libro para Colorear Ryans World Jumbo Bendon 40und', 5.33, 53, 'jg8wuIIInz.jpg', 'Libro para colorear Ryans World Jumbo Bendon, 40 hojas para niños.'),
(650, 1, 4, 'Marcadores de Pizarra con Borrador Mp 6 Und', 3.57, 58, 'zmCeXn7Ss-.jpg', 'Set de 6 marcadores para pizarra con borrador, prácticos y colores variados.'),
(651, 1, 4, 'Lápices de Colores Doble Punta Pointer 12und', 2.8, 51, 'O-_mtmi3Pm.jpg', 'Set de 12 lápices de colores doble punta Pointer, ideal para dibujo y coloreado.'),
(652, 1, 4, 'Tips Basicos para Decorar Bambary', 2.56, 62, 'SGCkDurVVf.jpg', 'Libro Tips Básicos para Decorar Bambary, guía práctica para manualidades.'),
(653, 1, 4, 'Bolígrafo Multicolor con Diseño de Iron Man 0.7mm', 1.57, 51, 'XWqCKTIAc8.jpg', 'Bolígrafo multicolor con diseño de Iron Man, punta 0.7mm, tinta suave y colores vibrantes.'),
(654, 1, 4, 'Marcadores Doble Punta Pincel Lettering Special PP917-12 Artix 12 Und', 6.86, 60, 'pbQMVp-4_I.jpg', 'Set de marcadores doble punta pincel Lettering Special PP, 12 colores variados.'),
(655, 1, 4, 'Bolígrafo Punta Circular Color Azul OK116 Ofimak 12 Und', 1.94, 55, 'DLjipZzaqa.jpg', 'Bolígrafo punta circular color azul, modelo OK116 Ofimak, tinta suave y duradera.'),
(656, 1, 4, 'Pega en Barra con Aroma a Sandia Pointer 6g', 1.26, 51, 'aYdq0cqWUK.jpg', 'Barra de pega con aroma a sandía, 6 gramos, marca Pointer, adhesivo aromático y práctico.'),
(657, 1, 4, 'Marcadores Jumbo PP871 MP 12 Und', 5, 55, 'twY9TJo0Se.jpg', 'Set de 12 marcadores jumbo PP871 MP, colores vivos para dibujo y escritura.'),
(658, 1, 4, 'Bolígrafo de Colores PE106 MP 10 Und', 4.29, 57, 'qp6BPLHhhu.jpg', 'Set de 10 bolígrafos de colores PE106 MP, punta fina para escritura y dibujo.'),
(659, 1, 4, 'Escarcha Azul Metalizado Pointer', 0.14, 70, 'ZIF1CzzWVO.jpg', 'Escarcha azul metalizada Pointer, ideal para decorar y dar brillo a proyectos.'),
(660, 1, 4, 'Hojas de Examen Crisvi 50 Und', 3.25, 62, '7sDdc1nN5S.jpg', 'Set de 50 hojas de examen Crisvi, ideales para pruebas y evaluaciones escolares.'),
(661, 1, 4, 'Silicon Liquido Bambary 500ml', 8.31, 51, 'TFQcOjMTXu.jpg', 'Silicón líquido Bambary, envase de 500 ml, adhesivo fuerte para manualidades y reparaciones.'),
(662, 1, 4, 'Llavero Copa Rosado', 4, 51, 'T7r4YQz5hu.jpg', 'Llavero copa color rosado, diseño elegante y resistente para decorar llaves.'),
(663, 1, 4, 'Cinta de Raso Número 3 Color Verde Neon Bambary 5/8\" x 5 Mts', 0.33, 56, '1Eti9BnELc.jpg', 'Cinta de raso número 3 color verde neón, vibrante y flexible, ideal para manualidades.'),
(664, 1, 4, 'Cinta de Raso Número 1 Color Fucsia Bambary 1/4\" x 5 Mts', 0.27, 55, 'DdFGGIthZg.jpg', 'Cinta de raso número 1 color fucsia, con acabado brillante y tacto suave para decoraciones.'),
(665, 1, 4, 'Cinta de Regalo Azul Morado y Rosado Bambary 5/8\" x 22 Mts 3 Und', 2.56, 60, 'LuDBJ3oHmF.jpg', 'Cinta de regalo en colores azul, morado y rosado, tamaño 5/8\", ideal para empaques.'),
(666, 1, 4, 'Rafia de Papel Blanco Azul Cielo y Azul Celeste Bambary 3 Und', 2.27, 59, 'rKl9wUrjQM.jpg', 'Set de 3 rafias de papel en colores blanco, azul cielo y azul celeste, para manualidades.'),
(667, 1, 4, 'Papel Crepe Rojo Bambary 1 Und', 0.7, 56, '8vjz97cfjA.jpg', 'Papel crepé color rojo, marca Bambary, ideal para decoraciones y manualidades.'),
(668, 1, 4, 'Papel Seda Colores Variados 50x70cm Bambary 5und', 1.63, 66, 'oe1JKzvq1y.jpg', 'Set de 5 hojas de papel seda en colores variados, marca Bambary, para manualidades y envolturas.'),
(669, 1, 4, 'Rafia de Papel Rojo Vinotinto y Verde Bambary 3 Und', 2.27, 59, '_ntWgRat9K.jpg', 'Set de 3 rafias de papel en colores rojo vinotinto y verde, para manualidades y embalaje.'),
(670, 1, 4, 'Cinta de Regalo Rizada Roja Blanca y Azul Bambary 3/16\" x 10 Mts 3 Und', 1.84, 60, 'oPTnzPEqu0.jpg', 'Cinta de regalo rizada en colores rojo, blanco y azul, marca Bambary, para decoraciones festivas.'),
(671, 1, 4, 'Papel Crepe Azul Oscuro Bambary 1 Und', 0.7, 59, 'LSAyPmS-yz.jpg', 'Papel crepé color azul oscuro, marca Bambary, ideal para manualidades y decoraciones.'),
(672, 1, 4, 'Cartulina Gris Oscuro Escarchada 65cm x 50cm PN281', 1.29, 61, 'fQ5FsCnuh2.jpg', 'Cartulina color gris oscuro escarchada, tamaño 65x50 cm, marca PN281, ideal para proyectos creativos.'),
(673, 1, 4, 'Papel Crepe Blanco Bambary 1 Und', 0.7, 60, 'ReUOuE1BPW.jpg', 'Papel crepe blanco metalizado ideal para manualidades, decoraciones y proyectos escolares. Marca Bambary, presentación individual.'),
(674, 1, 4, 'Cinta de Regalo Rizada Negra Plateada y Negra con Puntos Bambary 3/16\" x 10 Mts 3 Und', 1.84, 58, '3qPUGb9erN.jpg', 'Cinta de regalo rizada negra con detalles plateados, perfecta para envolver regalos y decorar. Marca Bambary, rollo de 10 metros.'),
(675, 1, 4, 'Cartulina Verde Escarchada 65cm x 50cm PN277', 1.29, 61, 'fAPsfWr50b.jpg', 'Cartulina verde escarchada de alta calidad, medidas 65cm x 50cm. Ideal para tarjetas, cuadernos y proyectos artísticos. Modelo PN277.'),
(676, 1, 4, 'Adorno de Unicornio en Fieltro Fucsia 1und', 2.84, 51, 'STin14lBcv.jpg', 'Adorno de unicornio en fieltro fucsia, ideal para decorar mochilas, cuadernos o accesorios. Presentación individual.'),
(677, 1, 4, 'Rompecabezas Minnie Palmeras 500 Piezas', 5.33, 51, 'ja362EeAuc.jpg', 'Rompecabezas Minnie Palmeras de 500 piezas, diseño colorido con temática de Minnie Mouse en la playa. Ideal para niños y adultos.'),
(678, 1, 4, 'Rompecabezas Badges And Patches 350 Piezas', 5.33, 51, 'Kq7RPuELUX.jpg', 'Rompecabezas Badges And Patches de 350 piezas con diseño de insignias y parches variados. Perfecto para entretener y desarrollar habilidades cognitivas.'),
(679, 1, 4, 'Marcadores Finos 0.4MM MP 12und', 5, 56, 'lpnMKQzDXw.jpg', 'Marcadores finos de 0.4mm, punta precisa para escritura detallada. Set de 12 unidades, ideales para dibujo técnico y caligrafía.'),
(680, 1, 4, 'Llavero de Labial y Labio', 4, 51, '5tnEQMFajt.jpg', 'Llavero multifuncional con diseño de labial y forma de labios, útil como llavero decorativo o accesorio práctico.'),
(681, 1, 4, 'Papel de Seda Bambary 5 Und', 0.9, 101, 'q5W33WDSys.jpg', 'Papel de seda blanco Bambary de alta calidad, presentación en 5 unidades. Ideal para origami, envoltorios y manualidades.'),
(682, 1, 4, 'Cinta de Raso Número 5 Color Dorado Bambary 1\" x 5 Mts', 0.4, 62, 'O2Dz8ZAwSd.jpg', 'Cinta de raso dorada número 5, ancho 1 pulgada, rollo de 5 metros. Perfecta para decoración de eventos y regalos.'),
(683, 1, 4, 'Foami Colores Neón Bambary 10 Und', 9.17, 59, 'RYEwLi-_vM.jpg', 'Foami en colores neón Bambary, material flexible y resistente. Set de 10 unidades, ideal para manualidades infantiles y proyectos creativos.'),
(684, 1, 4, 'Cintas de Regalo Rizadas 5mm x 10m Bambary 3 Und', 1.84, 58, 'NS-HA2qMhh.jpg', 'Set de 3 cintas rizadas para regalo, ancho 5mm y longitud 10 metros cada una. Colores surtidos, marca Bambary.'),
(685, 1, 4, 'Cinta de Raso Número 5 Color Azul Bambary 1\" x 5 Mts', 0.4, 55, 'Z3AedCIy2l.jpg', 'Cinta de raso azul número 5, ancho 1 pulgada, rollo de 5 metros. Excelente para decoración de bodas, fiestas o detalles especiales.'),
(686, 1, 4, 'Resaltadores Amarillos Promax 2 Und', 2.29, 56, 'Oph2URhI58.jpg', 'Resaltadores amarillos Promax, punta biselada para mayor precisión. Set de 2 unidades, ideales para estudiar y organizar documentos.'),
(687, 1, 4, 'Cartulina Color Fucsia 65cm x 50cm Mp', 1.29, 66, 'nQTglqWq-i.jpg', 'Cartulina fucsia de gran tamaño (65cm x 50cm), superficie lisa para pintura, recortes y proyectos escolares.'),
(688, 1, 4, 'Papel de Seda Fucsia Bambary 3 Und', 0.56, 59, 'x0s0ODZ6oj.jpg', 'Papel de seda fucsia Bambary, 3 unidades por paquete. Material translúcido perfecto para decoración y arte.'),
(689, 1, 4, 'Papel de Seda Negro Bambary 3 Und', 0.56, 53, 'qQy62BONvQ.jpg', 'Papel de seda negro Bambary, 3 unidades por paquete. Ideal para contrastes en manualidades y envoltorios elegantes.'),
(690, 1, 4, 'Papel de Seda Colores variados Bambary 5 Und', 0.9, 59, 'nOUNih_oNN.jpg', 'Papel de seda en colores variados Bambary, set de 5 unidades. Versátil para decoración, envoltorio de regalos y proyectos creativos.'),
(691, 1, 4, 'Papel de Seda Color Rojo 50cm x 75cm HM6003 Foska 10 Und', 1.77, 57, 'gERImlNV6x.jpg', 'Papel de seda rojo de 50cm x 75cm, acabado fosforescente HM6003. Marca Foska, ideal para proyectos artísticos y decoración.'),
(692, 1, 4, 'Kit de Manualidades Buhos 10+ Bambary', 5.54, 56, 't7_dxLBcF5.jpg', 'Kit de manualidades Buhos Bambary, contiene materiales para crear búhos divertidos. Edad recomendada: +10 años.'),
(693, 1, 4, 'Kit de Manualidades Cofre del Tesoro 6+ Bambary', 5.54, 55, 'G_L0-3pki3.jpg', 'Kit Cofre del Tesoro Bambary, incluye elementos para crear un cofre temático. Edad recomendada: +6 años.'),
(694, 1, 4, 'Silicon Liquido Bambary 60ml', 1.16, 73, 'rg6ZpLLJdv.jpg', 'Silicona líquida Bambary de 60ml, secado rápido y alta adherencia. Ideal para manualidades, reparaciones y proyectos escolares.'),
(695, 1, 4, 'Tempera Pequeña Pointer 6 Und', 2.6, 55, 'sOZasNV6Q9.jpg', 'Tempera pequeña Pointer en 6 colores, presentación individual sin pincel. Ideal para pintura infantil y proyectos escolares.'),
(696, 1, 4, 'Tempera Pincel Incluido Pointer 6 Und', 4.83, 55, 'uf899BC2DS.jpg', 'Tempera con pincel incluido Pointer, set de 6 colores. Perfecta para actividades artísticas y educación infantil.'),
(697, 1, 4, 'Cinta Adhesiva Transparentes PA518-04 48mm x 200mts Mp', 6.29, 54, '7bfqrv0ADN.jpg', 'Cinta adhesiva transparente PA518-04, medidas 48mm x 200 metros. Resistente y versátil para uso escolar y oficina.'),
(698, 1, 4, 'Marcadores Fluorescentes a Base de Agua MP 1.3mm 4und', 4.96, 57, 'SlQhHnerPe.jpg', 'Marcadores fluorescentes base agua MP, punta 1.3mm. Set de 4 unidades, ideales para resaltar textos y trabajos escolares.'),
(699, 1, 4, 'Pega Para Manualidades Bambary 20ml.', 0.91, 64, 'sL0YsBe3cn.jpg', 'Pega para manualidades Bambary en frasco de 20ml, fórmula resistente y lavable. Perfecta para papel, cartón y materiales ligeros.'),
(700, 1, 4, 'Silicona Barra Gruesa 6 Und Bambary', 2.5, 68, 'xdrlpUkkxl.jpg', 'Silicona en barra gruesa Bambary, set de 6 unidades. Fácil aplicación manual, ideal para proyectos escolares y manualidades.'),
(701, 1, 4, 'Resaltadores Fluorescentes Tono Pastel Mp 5 Und', 4.41, 51, '9uNr4jVjwm.jpg', 'Resaltadores fluorescentes tonos pastel MP, 5 unidades. Punta biselada para mayor versatilidad en estudio y organización.'),
(702, 1, 4, 'Kit de Manualidades Magdalena 7+ Bambary', 5.54, 54, '9TjuW85bC0.jpg', 'Kit de manualidades Magdalena Bambary, contiene materiales para crear postres ficticios. Edad recomendada: +7 años.'),
(703, 1, 4, 'Marcador de Pintura Negro PE431 MP 3mm', 3.43, 53, '8lRLJWrMu0.jpg', 'Marcador de pintura permanente negro PE431 MP, punta de 3mm. Ideal para superficies como madera, metal y plástico.'),
(704, 1, 4, 'Pega para Manualidades Bambary 35ml', 1.57, 60, '6hD4isUkMi.jpg', 'Pega para manualidades Bambary en frasco de 35ml, fórmula extrafuerte para materiales pesados. Adecuada para artesanías y proyectos escolares.'),
(705, 1, 4, 'Lápices Escarchado Color Rojo HB N#2 GHB-6 Pointer 12 Und', 1.7, 72, 'g9pjmV0a5X.jpg', 'Lápices escarchados rojos HB N#2 GHB-6 Pointer, 12 unidades. Diseño brillante ideal para escritura y proyectos creativos.'),
(706, 1, 4, 'Marcador de Pintura Dorado PE440 MP', 3.43, 53, 'zeR84NuGN8.jpg', 'Marcador permanente dorado PE440 MP, punta redonda. Perfecto para detalles metálicos en tarjetas, invitaciones y arte.'),
(707, 1, 4, 'Paletas de Madera Bambary 100 Und', 1.64, 57, '3n6NuG61iK.jpg', 'Paletas de madera Bambary, set de 100 unidades. Ideales para manualidades, pintura y proyectos educativos.'),
(708, 1, 4, 'Resaltadores Colores Variados Promarx 4 Und', 2.43, 63, 'dspZy3p6yM.jpg', 'Resaltadores colores variados Promarx, set de 4 unidades. Punta tipo cincel para mayor cobertura en textos y documentos.'),
(709, 1, 4, 'Block Milimetrado A4 21cm x 29,7cm 5806BM Crisvi', 1.02, 63, 'fM_6bfz8b1.jpg', 'Block milimetrado A4 Crisvi 5806BM, medidas 21cm x 29.7cm. Ideal para dibujo técnico, matemáticas y proyectos de diseño.'),
(710, 1, 4, 'Regla Escarchada con Diseño de Ballena Wow 20cm', 2.79, 51, 'otcjWOBXym.jpg', 'Regla escarchada de 20cm con diseño de ballena, marca Wow. Ideal para medir y decorar cuadernos escolares.'),
(711, 1, 4, 'Marcadores de Cera Retráctil PE530 MP 6 Und', 6, 58, 'DcoBMZ1CtF.jpg', 'Marcadores de cera retráctiles PE530 MP, set de 6 unidades. Fáciles de usar, ideales para niños y proyectos artísticos.'),
(712, 1, 4, 'Lápices Hexagonales No 2 HB YP-12HA Pointer 12 Und', 1.8, 56, 'vTWfa48Ij-.jpg', 'Lápices hexagonales No 2 HB YP-12HA Pointer, 12 unidades. Diseño ergonómico para escritura cómoda y precisa.'),
(713, 1, 4, 'Marcadores Doble Punta Tonos Piel Art Pro AHC-12-RO Pointer 12 Und', 8.33, 52, '7u6oL0AFe3.jpg', 'Marcadores doble punta tonos piel Art Pro AHC-12-R, set de 12 colores. Punta fina y pincel para técnicas de ilustración.'),
(714, 1, 4, 'Resaltadores Cuadrados 4mm BL274 Ofimak 4 Und', 2.67, 55, 'Ukyz9quajS.jpg', 'Resaltadores cuadrados 4mm BL274 Ofimak, set de 4 colores. Diseño ergonómico antideslizante para mayor comodidad.'),
(715, 1, 4, 'Lápices Escarchado Color Azul HB N#2 GHB-6 Pointer 12 Und', 1.7, 57, 'OYYMPgcgaM.jpg', 'Lápices escarchados azules HB N#2 GHB-6 Pointer, 12 unidades. Brillantes y duraderos para escritura y decoración.'),
(716, 1, 4, 'Grapadora Tenaza Color Azul PA628C Mp', 8.57, 55, 'KEAgIsOYPk.jpg', 'Grapadora tenaza color azul PA628C Mp, capacidad para 10 hojas. Herramienta resistente para oficina y escuela.'),
(717, 1, 4, 'Lapices de Colores Colores Intensos Prismacolor 12 Und', 8.62, 56, 'DOJr9c3Azu.jpg', 'Lápices de colores Prismacolor Intensos, 12 unidades. Alta pigmentación para dibujos artísticos y bocetos profesionales.'),
(718, 1, 4, 'Resaltadores Promarx 3 Und', 2.41, 53, '5uW6QsBSZw.jpg', 'Resaltadores Promarx, set de 3 unidades. Punta biselada para resaltar textos y organizar documentos de manera eficiente.'),
(719, 1, 4, 'Set de Escritura para Niños Diseños Variados PA980-06 Mp 4 Und', 3.86, 55, 'Sl6qZoWdtj.jpg', 'Set de escritura para niños PA980-3 Pointer, diseños variados. Incluye lápices y portaminas con personajes infantiles.'),
(720, 1, 4, 'Tempera con Pincel Bambary 25ml 12 Und', 5.03, 61, '6KwHIPVV_h.jpg', 'Tempera con pincel Bambary 25ml, set de 12 colores. Ideal para pintura infantil, educación artística y manualidades.'),
(721, 1, 4, 'Bolígrafo de Tinta Liquida G7 Especial 0.7mm PE243N Mp', 2.57, 54, '6uZDbvtkaJ.jpg', 'Bolígrafo tinta líquida G7 Especial 0.7mm PE243, escritura suave y fluida. Ideal para documentos oficiales y uso diario.'),
(722, 1, 4, 'Portaminas + Minas PE228 Mp 0.5mm', 2.86, 62, 's5FSvE9-6r.jpg', 'Portaminas + minas PE228 Mp 0.5mm, diseño ergonómico. Perfecto para escritura precisa y técnica.'),
(723, 1, 4, 'Caja de Lapiz de Grafico Calidad Premium no Toxico Bambary 12 Und', 2.09, 59, 'CoZib7SORw.jpg', 'Caja de lápices gráficos premium no tóxicos, variedad de durezas. Ideal para dibujo técnico y artístico.'),
(724, 1, 4, 'Separador de Plástico Colores A4 HF289-5C Foska 5 Und', 1.09, 54, '6wz7bJBYc0.jpg', 'Separadores plástico A4 HF289-5C Foska, 5 colores surtidos. Perfectos para organizar carpetas y documentos.'),
(725, 1, 4, 'Almohadillas Dactilar ATS-125 Pointer', 1.26, 63, '1BIWLNsVMK.jpg', 'Almohadillas dactilares ATS-125 Pointer, tinta de secado rápido. Ideal para registros oficiales y documentos legales.'),
(726, 1, 4, 'Lápices Escarchado Color Plateado HB N#2 GHB-6 Pointer 12 Und', 1.7, 55, 'sU37oUHg1p.jpg', 'Lápices escarchados plateados HB N#2 GHB-6 Pointer, 12 unidades. Diseño brillante para escritura destacada y decorativa.'),
(727, 1, 4, 'Portaminas + Minas PE135 Colores Variados Mp 0.7mm', 3, 53, 'KT-pgscE0f.jpg', 'Portaminas + minas PE135 colores variados Mp 0.7mm, diseño ergonómico. Ideal para escritura diaria y dibujo técnico.'),
(728, 1, 4, 'Resaltadores Fluorescentes Pointer 12 Und', 3.6, 57, 'vzvquuLiXx.jpg', 'Resaltadores fluorescentes Pointer, set de 12 unidades. Amplia gama de colores para resaltar textos y estudiar.'),
(729, 1, 4, 'Portaminas de Metal Color Negro + Minas 0.7mm PE179 Mp', 3.29, 52, '5IutH4zqOD.jpg', 'Portaminas metálico negro + minas 0.7mm PE175, diseño profesional. Perfecto para escritura precisa y duradera.'),
(730, 1, 4, 'Plantilla de Letras Mini PL033 Mp', 1.57, 52, 'x5bmO5y5Cw.jpg', 'Plantilla de letras mini PL033 Mp, herramienta para caligrafía y diseño. Ideal para señalización y proyectos artísticos.'),
(731, 1, 4, 'Bolso Escolar Gris Go Baby', 45.79, 52, 'g22EJvIlDL.jpg', 'Bolso escolar gris Go Baby, diseño moderno y espacioso. Compartimentos organizadores y correas ajustables.'),
(732, 1, 4, 'Pintura en Acuarela PP171 Artix Paints 12 Und', 7.43, 58, 'xew5d2rlkN.jpg', 'Pintura acuarela PP171 Artix Paints, set de 12 colores. Ideal para técnicas artísticas y educación infantil.'),
(733, 1, 4, 'Pintura Óleo PP193 Artix 24 Und', 13.43, 53, 'ubfelx_foP.jpg', 'Pintura óleo PP193 Artix, set de 24 colores. Alta pigmentación para pinturas artísticas y talleres educativos.'),
(734, 1, 4, 'Kit de Manualidades Mariposa 7+ Bambary', 5.54, 53, 'bwILktxAIG.jpg', 'Kit de manualidades Mariposa Bambary, contiene materiales para crear mariposas decorativas. Edad recomendada: +7 años.'),
(735, 1, 4, 'Marcador para Bingo Color Fucsia Pintareta 80ml', 1.27, 64, 'TWqe5tlGsb.jpg', 'Marcador para bingo color fucsia, 80ml. Ideal para juegos escolares, marcado de números y entretenimiento.'),
(736, 1, 4, 'Marcador para Bingo Color Rojo Pintareta 80ml', 1.27, 67, 'WQnPTNxlUr.jpg', 'Marcador para bingo color rojo, 80ml. Perfecto para juegos de bingo, marcado de cartones y actividades recreativas.'),
(737, 1, 4, 'Tijera 7´´ Scotch', 2.89, 55, 'NPjXp1OrCg.jpg', 'Tijera escolar de 7 pulgadas marca Scotch, filo afilado y mango ergonómico. Ideal para cortes limpios en papel y cartón.'),
(738, 1, 4, 'Exacto Multiusos de Titanio Scotch', 8.44, 60, 'aOra8Ix3L4.jpg', 'Exacto multiusos de titanio marca Scotch, hoja resistente y agarre seguro. Ideal para cortes precisos en distintos materiales.'),
(739, 1, 4, 'Exacto Colores Variados SX-4 Foska 1 Und', 0.51, 56, 'j9EmHoHLub.jpg', 'Exacto SX-4 Foska, colores variados, hoja de acero inoxidable. Ideal para trabajos manuales, corte fino y precisión.'),
(740, 1, 4, 'Pompones Multicolor Bambary 100 Und', 3.7, 61, 'dt4XcIzMHq.jpg', 'Pompones multicolor Bambary, set de 100 unidades. Perfectos para decoración, manualidades infantiles y adornos creativos.'),
(741, 1, 4, 'Barra de Silicon Gruesa PP041 Mp 6 Und', 2.86, 59, 'ZH99oufP9m.jpg', 'Barra de silicona gruesa PP041 Mp, set de 6 unidades. Ideal para pegar materiales livianos en proyectos escolares.'),
(742, 1, 4, 'Figuras de Foami FM-009 Pointer', 1.03, 57, 'vmPMDGsKfR.jpg', 'Figuras de foami FM-009 Pointer, surtidas en diseños y colores. Perfectas para manualidades y decoración infantil.'),
(743, 1, 4, 'Perforador de Papel Acero Inoxidable PP1101B Foska', 2.71, 51, 'X9mW8sFvPG.jpg', 'Perforador de papel de acero inoxidable PP1101B Foska. Preciso y duradero, ideal para tarjetas y documentos escolares.'),
(744, 1, 4, 'Pegamento con Escarcha PE898 MP 6 Und', 3.71, 62, 'HrOgd2qnK1.jpg', 'Pegamento con escarcha PE898 MP, 6 unidades. Brillo especial para trabajos artísticos y proyectos creativos.'),
(745, 1, 4, 'Barras de Silicon Pequeñas JB2007C-100 Foska 12 Und', 1.91, 67, '8pdN8VxDlh.jpg', 'Barras de silicon pequeñas JB2007C-100 Foska, set de 12 unidades. Ideal para pegar materiales livianos en colegio y casa.'),
(746, 1, 4, 'Marcador Permanente Punta Fina Rojo Sharpie', 2.22, 69, 'W82EeuveLh.jpg', 'Marcador permanente Sharpie punta fina rojo, tinta de alta durabilidad. Ideal para etiquetas, carteles y rotulación.'),
(747, 1, 4, 'Libro Para Colorear Blue Clues & You', 5.33, 55, 'KGy47C7Ohy.jpg', 'Libro para colorear Blue Clues & You, entretenido y educativo. Ideal para niños y desarrollo de habilidades motoras.'),
(748, 1, 4, 'Borradores Escolares OK31S Ofimak 2 Und', 1.07, 53, 'fo_vUpZKBB.jpg', 'Borradores escolares OK31S Ofimak, set de 2 unidades. Suaves y efectivos para eliminar lápiz sin dañar el papel.'),
(749, 1, 4, 'Kit de Manualidades Unicornio 10+ Bambary', 5.54, 53, 'CVi79RnA7b.jpg', 'Kit de manualidades Unicornio Bambary, contiene materiales para crear un unicornio colorido. Edad recomendada: +10 años.'),
(750, 1, 4, 'Libro para Colorear Space Jam 2 Jumbo Bendon 40 Hojas', 5.33, 51, 'AHUu5I_rPE.jpg', 'Libro para colorear Space Jam 2 Jumbo Bendon, 40 hojas. Entretenido y temático, ideal para fanáticos de los Looney Tunes.'),
(751, 1, 4, 'Bolígrafo Multicolor Diseño Variado PE253-18 Mp', 3.57, 54, 'c_0U7DuTFi.jpg', 'Bolígrafo multicolor diseño variado PE253-18 Mp, 4 colores en uno. Práctico para tomar apuntes y destacar ideas.'),
(752, 1, 4, 'Cintas adhesiva Glow Brilla LTP2-15X3 Pointer 2 Und', 3.62, 56, 'EADbI_MF1O.jpg', 'Cinta adhesiva glow brilla LTP2-15X3 Pointer, 2 unidades. Ideal para decoración nocturna y manualidades creativas.'),
(753, 1, 4, 'Tizas Blanca Pointer 12 Und', 0.46, 54, 'yytX68FN7k.jpg', 'Tizas blancas Pointer, set de 12 unidades. Ideales para pizarras, juegos al aire libre y proyectos escolares.'),
(754, 1, 4, 'Libro para Colorear Ryans World Jumbo Bendon 40und', 5.33, 53, 'jg8wuIIInz.jpg', 'Libro para colorear Ryan’s World Jumbo Bendon, 40 hojas. Ideal para niños fans del canal de YouTube.'),
(755, 1, 4, 'Libro para Colorear Trolls World Tour Giant Bendon 12 Hojas', 5.33, 51, 'KE2NrvvKqO.jpg', 'Libro para colorear Trolls World Tour Giant Bendon, inspirado en la película. Divertido y colorido para niños.'),
(756, 1, 4, 'Libro para Colorear Littlsp Pet Shop Run Way Ready Jumbo Bendon 40 Hojas', 5.33, 54, 'IuhvINlrDz.jpg', 'Libro para colorear Little Pet Shop Runway Ready, personajes y animales fashion. Ideal para niñas creativas.'),
(757, 1, 4, 'Resaltador Azul Sharpie.', 1.82, 54, 'U6hHb2-jwg.jpg', 'Resaltador azul Sharpie, punta biselada. Tinta de secado rápido, ideal para resaltar textos importantes.'),
(758, 1, 4, 'Figura de Madera Cono de Helado Bambary', 1.96, 57, '8lhE5Dws8H.jpg', 'Figura de madera cono de helado Bambary, ideal para pintar, decorar o manualidades educativas.'),
(759, 1, 4, 'Crayones Resaltadores Pointer 8 Und', 7.13, 52, 'IzyX--UKKJ.jpg', 'Crayones resaltadores Pointer, 8 colores. Doble punta para resaltar y colorear, ideales para estudiantes.'),
(760, 1, 4, 'Pega en Barra con Aroma a Sandia Pointer 6g', 1.26, 51, 'aYdq0cqWUK.jpg', 'Pega en barra aroma sandia Pointer, 6g. Ideal para pegar papel y cartulina en proyectos escolares.'),
(761, 1, 4, 'Marcadores Clásicos Colores Pasteles PP851P MP 12 Und', 3.57, 62, 'YnWdul5TWn.jpg', 'Marcadores clásicos colores pasteles PP851P MP, 12 unidades. Ideal para dibujar, colorear y hacer trabajos escolares.'),
(762, 1, 4, 'Lápices de Colores Cuerpo Hexagonal Paper Mate 12 Und', 4.14, 61, '1dGJ8Oldrr.jpg', 'Lápices de colores Paper Mate, cuerpo hexagonal, 12 unidades. Cómodos y resistentes para dibujar y colorear.'),
(763, 1, 4, 'Pega en Barra con Aroma a Limón Pointer 6g', 1.26, 54, 'uJSFdryr1r.jpg', 'Pega en barra aroma limón Pointer, 6g. Perfecta para pegar materiales livianos en proyectos escolares.'),
(764, 1, 4, 'Llavero Lapiz con Fleco', 4, 51, 'CSiK2f9gqM.jpg', 'Llavero lápiz con fleco, útil y decorativo. Ideal como detalle promocional o accesorio práctico.'),
(765, 1, 4, 'Llavero de Candado Corazon y Llave', 4, 51, '53UTX1c66b.jpg', 'Llavero candado corazón con llave, diseño romántico. Ideal como detalle personalizado o souvenir.'),
(766, 1, 4, 'Llavero de Corazon con Relleno y Fleco Blanco', 4, 51, '7PyOgvjboF.jpg', 'Llavero corazón con relleno y fleco blanco, suave y adorable. Ideal como detalle regalo o accesorio decorativo.'),
(767, 1, 4, 'Cinta de Raso Número 1 Color Verde Bambary 1/4\" x 5 Mts', 0.27, 62, '8pyzsAoWLr.jpg', 'Cinta de raso verde número 1 Bambary, ancho 1/4 pulgada, rollo de 5 metros. Ideal para detalles y decoración delicada.'),
(768, 1, 4, 'Cinta de Regalo Rizada Azul Rozado y Amarillo Bambary 3 Und', 1.84, 65, 'Qg6mFCIoBt.jpg', 'Cinta de regalo rizada azul rozado y amarillo Bambary, rollo de 10 metros. Ideal para decorar regalos y eventos festivos.'),
(769, 1, 4, 'Cinta de Raso Número 1 Color Negro Bambary 1/4\" x 5 Mts', 0.27, 55, 'rDVfxHn9Vv.jpg', 'Cinta de raso negra número 1 Bambary, ancho 1/4 pulgada, rollo de 5 metros. Perfecta para detalles sutiles y elegantes.'),
(770, 1, 4, 'Cartulina Gris Oscuro Escarchada 65cm x 50cm PN281', 1.29, 61, 'fQ5FsCnuh2.jpg', 'Cartulina gris oscuro escarchada, medidas 65cm x 50cm. Ideal para proyectos artísticos y tarjetas temáticas.'),
(771, 1, 4, 'Fieltro Duro Multicolor 21.5x27.9cm Bambary 10und', 2.89, 60, 'sMUI6yJ-4b.jpg', 'Fieltro duro multicolor Bambary, medidas 21.5cm x 27.9cm. Set de 10 unidades, ideal para manualidades infantiles.'),
(772, 1, 4, 'Papel Crepe Blanco Metalizado Bambary 1 Und', 1.16, 52, 'zLf8Z2d7Aj.jpg', 'Papel crepe blanco metalizado Bambary, presentación individual. Ideal para decoraciones, disfraces y manualidades.'),
(773, 1, 4, 'Block Papel de Construcción 23cm x 30cm Pointer 24 Hojas', 1.21, 54, '0r_PcXz3WD.jpg', 'Block de papel de construcción de alta calidad, tamaño 23cm x 30cm, marca Pointer. Ideal para manualidades, proyectos escolares y arte. Paquete de 24 hojas.'),
(774, 1, 4, 'Cinta de Raso Número 3 Color Azul Bambary 5/8\" x 5 Mts', 0.33, 56, 'sdDXIDJTcM.jpg', 'Cinta de raso número 3 color azul de la marca Bambary. Medidas 5/8\" de ancho. Perfecta para decoración de regalos, manualidades y proyectos creativos.'),
(775, 1, 4, 'Papel Crepe Verde Oscuro Bambary 1 Und', 0.7, 62, 'byIl17h0UN.jpg', 'Papel crepe color verde oscuro de la marca Bambary. Ideal para decoración, manualidades, piñatas y proyectos artísticos. Unidad individual.'),
(776, 1, 4, 'Papel Crepe Rojo Bambary 1 Und', 0.7, 56, '8vjz97cfjA.jpg', 'Papel crepe color rojo vibrante de la marca Bambary. Perfecto para decoraciones festivas, manualidades y proyectos escolares. Unidad individual.'),
(777, 1, 4, 'Rafia de Papel Rojo Vinotinto y Verde Bambary 3 Und', 2.27, 59, '_ntWgRat9K.jpg', 'Rafia de papel en colores rojo vinotinto y verde de la marca Bambary. Paquete con 3 unidades. Ideal para manualidades, decoración y empaque de regalos.'),
(778, 1, 4, 'Barra de Silicon PP040 Mp 10 Und', 2.86, 60, 'oSm1cJaeZx.jpg', 'Barra de silicona PP040, paquete con 10 unidades. Ideal para manualidades, reparaciones y proyectos de bricolaje. Adhesivo fuerte y versátil.'),
(779, 1, 4, 'Rompecabezas Peppa Pig Family Picnic 24 Piezas', 5.33, 52, 'fJhD1ygcBQ.jpg', 'Rompecabezas educativo de 24 piezas con tema \"Peppa Pig Family Picnic\". Ideal para niños pequeños, ayuda a desarrollar habilidades motoras y cognitivas.'),
(780, 1, 4, 'Lápiz de Grafito Tri Jumbo 7\" HB con Sacapuntas Bambary 3und', 1.77, 57, 'Jx3IRJTJsQ.jpg', 'Lápiz de grafito Tri Jumbo de 7\" con grado HB, incluye sacapuntas. Diseño ergonómico ideal para escritura y dibujo. Perfecto para uso escolar.'),
(781, 1, 4, 'Cinta de Raso Número 5 Color Dorado Bambary 1\" x 5 Mts', 0.4, 62, 'O2Dz8ZAwSd.jpg', 'Cinta de raso número 5 color dorado de la marca Bambary. Medidas 1\" de ancho. Elegante acabado para decoración de regalos y manualidades.'),
(782, 1, 4, 'Cartulina Naranja 50x70 CM MP', 0.71, 60, 'qUulaDEn8I.jpg', 'Cartulina color naranja de tamaño 50x70 cm. Marca MP. Ideal para manualidades, proyectos escolares y decoración. Superficie lisa para fácil escritura y pintura.'),
(783, 1, 4, 'Papel de Seda Color Amarillo 50cm x 75cm HM6003 Foska 10 Und', 1.77, 53, 'cld-VIlt_t.jpg', 'Papel de seda color amarillo de 50cm x 75cm. Modelo HM6003. Perfecto para manualidades, decoración de regalos y proyectos artísticos.'),
(784, 1, 4, 'Cartulina Verde Manzana 50x70 CM MP', 0.71, 92, 'YI3ZgSQKvq.jpg', 'Cartulina color verde manzana de tamaño 50x70 cm. Marca MP. Superficie lisa ideal para manualidades, proyectos escolares y decoración.'),
(785, 1, 4, 'Cinta de Raso Número 5 Color Naranja Bambary 1\" x 5 Mts', 0.4, 56, 'FbmW4hINGP.jpg', 'Cinta de raso número 5 color naranja de la marca Bambary. Medidas 1\" de ancho. Ideal para decoración festiva y manualidades creativas.'),
(786, 1, 4, 'Tijera Escolar Punta Roma Rosada Bambary 5\".', 1.34, 69, 'mIr4KrMKKB.jpg', 'Tijera escolar con punta roma color rosada de la marca Bambary. Longitud de 5\". Segura para niños, ideal para manualidades y uso escolar.'),
(787, 1, 4, 'Resaltadores Amarillos Promax 2 Und', 2.29, 56, 'Oph2URhI58.jpg', 'Resaltadores amarillos marca Promax. Paquete con 2 unidades. Tinta fluorescente de alta calidad para resaltar textos importantes.'),
(788, 1, 4, 'Colores Clasicos Mp 18und', 5.71, 58, 'y5ov4q4kIV.jpg', 'Set de colores clásicos marca MP con 18 unidades. Ideales para dibujo, pintura y proyectos artísticos. Colores vibrantes y pigmentación uniforme.'),
(789, 1, 4, 'Palitos de Altura de Bambu Bambary 100und 2.5mm', 1.29, 67, 'Vm_-xRdjr7.jpg', 'Palitos de altura de bambú de la marca Bambary. Paquete con 100 unidades de 2.5mm de grosor. Versátiles para manualidades, maquetas y proyectos DIY.'),
(790, 1, 4, 'Papel de Seda Verde Bambary 3 Und', 0.56, 59, 'wV8tZaQ5uG.jpg', 'Papel de seda color verde de la marca Bambary. Paquete con 3 unidades. Ideal para decoración, manualidades y empaque de regalos.'),
(791, 1, 4, 'Paletas de Madera de Colores Bambary 190x6x1.3mm 100und', 1.84, 56, 'nOXNv06HX-.jpg', 'Paletas de madera de colores de la marca Bambary. Medidas 190x6x1.3mm. Paquete de 100 unidades. Perfectas para manualidades, artesanías y proyectos educativos.');
INSERT INTO `productos` (`idproducto`, `idestatus`, `idcategoria`, `nombre`, `precio`, `stock`, `imagen`, `descripcion`) VALUES
(792, 1, 4, 'Kit de Manualidades Cofre del Tesoro 6+ Bambary', 5.54, 55, 'G_L0-3pki3.jpg', 'Kit de manualidades \"Cofre del Tesoro\" para niños de 6 años en adelante de la marca Bambary. Incluye materiales para crear un cofre del tesoro decorativo.'),
(793, 1, 4, 'Resaltadores Promarx 3und', 2.41, 53, '4UCryIkRd5.jpg', 'Resaltadores marca Promarx. Paquete con 3 unidades. Tinta de secado rápido que no traspasa el papel, ideal para estudio y oficina.'),
(794, 1, 4, 'Rotulador + Sello MP 12 Und', 7.36, 58, 'J8xT4cF4Ao.jpg', 'Set de rotulador con sello marca MP. Paquete con 12 unidades. Ideal para decoración, manualidades y proyectos creativos.'),
(795, 1, 4, 'Caja de Lapiz de Grafico Calidad Premium no Toxico Bambary 12 Und', 2.09, 59, 'CoZib7SORw.jpg', 'Caja de lápices de grafito de calidad premium no tóxicos. Ideal para artistas, dibujantes y estudiantes. Mina suave que no mancha las manos.'),
(796, 1, 4, 'Llavero de Corazon con Relleno y Fleco Blanco', 4, 51, '7PyOgvjboF.jpg', 'Llavero decorativo en forma de corazón con relleno y fleco blanco. Ideal para personalizar tus llaves o como detalle regalo.'),
(797, 1, 4, 'Palitos de Altura de Bambu Bambary 100und 2.5mm', 1.29, 67, 'Vm_-xRdjr7.jpg', 'Palitos de altura de bambú de la marca Bambary. Paquete con 100 unidades de 2.5mm de grosor. Material ecológico para manualidades y proyectos creativos.'),
(798, 1, 5, 'Aceite Semisintetico 15W-40 Para Gasolina Gulf Tec 946cm³', 8.36, 51, 'ylyPNkaX_V.jpg', 'Aceite semisintético Gulf Tech 15W-40 para motores a gasolina. Proporciona protección superior contra el desgaste y la acumulación de depósitos. 946ml.'),
(799, 1, 5, 'Aceite Multigrado + Aditivo1 15W40 Mexlub 946ml', 8.86, 54, 'k9S2WhgnF8.jpg', 'Aceite multigrado 15W40 Mexlub con aditivo, 946ml. Protege el motor en condiciones extremas, reduce la fricción y prolonga la vida útil del motor.'),
(800, 1, 5, 'Aceite Para Transmisión Automática ATF Dexron III Fc 946Ml', 6.89, 65, 'iSVBNJAgOJ.jpg', 'Aceite para transmisión automática ATF Dexron III Mercon. Ideal para cajas de cambios automáticas, proporciona suave operación y protección contra el desgaste.'),
(801, 1, 5, 'Ambientador para Carro Patilla Little Trees FC', 1.41, 53, 'uCdQ6gBhA6.jpg', 'Ambientador para automóvil en forma de patilla Little Trees. Fragancia FC, elimina olores y deja un aroma fresco en el interior del vehículo.'),
(802, 1, 5, 'Cables Auxiliares para Batería Jump Start Cables 4 Pinzas 150 Amp', 14.29, 55, 'AQWPm7Zp2I.jpg', 'Cables auxiliares para batería Jump Start de 4 metros. Ideal para emergencias, permite arrancar vehículos con batería descargada de manera segura.'),
(803, 1, 5, 'Terminales Para Bateria Cardoc', 4.29, 54, '_zthO6XsCL.jpg', 'Terminales para batería marca Cardoc. Conexiones seguras y duraderas para el sistema eléctrico de tu vehículo.'),
(804, 1, 5, 'Caucho 185-65R14 86T ENERGY X1 5 Años de Garantia Morana', 54.29, 58, 'HwamDW14xT.jpg', 'Caucho 185-65R14 86T ENERGY X1 con 5 años de garantía. Ofrece excelente tracción, durabilidad y rendimiento en condiciones diversas.'),
(805, 1, 5, 'Limpiador de Rines Titanium Dr Marcus 750ml', 6.43, 52, '0BBxtEyKlF.jpg', 'Limpiador de rines Titanium Dr Marcus 750ml. Elimina suciedad, polvo de frenos y residuos de llantas, dejando un brillo protector.'),
(806, 1, 5, 'Caucho 205-55R16 91V ENERGY X2 5 Años de Garantia Morana', 55, 54, 'epJt28RwDq.jpg', 'Caucho 205-55R16 91V ENERGY X2 con 5 años de garantía. Diseñado para alto rendimiento, bajo ruido y máxima seguridad en carretera.'),
(807, 1, 5, 'Caucho 165-70R13 79H LRP118 5 Años de Garantia Morana', 36, 54, 'sEJ9DU3Se3.jpg', 'Caucho 165-70R13 79H LRP118 con 5 años de garantía. Ofrece durabilidad, economía de combustible y tracción en diversas condiciones.'),
(808, 1, 5, 'Caucho 255-70R16 111T ENERGY X3 5 Años de Garantia Morana', 103, 54, 'Pl9kAJVVTr.jpg', 'Caucho 255-70R16 111T ENERGY X3 con 5 años de garantía. Ideal para camionetas y SUV, ofrece gran tracción y estabilidad.'),
(809, 1, 5, 'Filtro de Aceite Wix 57899', 5.72, 51, 'xfYwbXa6mv.jpg', 'Filtro de aceite Wix 57899. Alta capacidad de filtrado, elimina impurezas del aceite para proteger el motor. Compatibilidad específica para ciertos modelos.'),
(810, 1, 5, 'Filtro de Aceite Wix 951008', 5.02, 51, 'oGhTJ4xYeI.jpg', 'Filtro de aceite Wix 951008. Construcción duradera con válvula de derivación, protege el motor contra partículas dañinas.'),
(811, 1, 5, 'Aceite Mineral 20W-50 Para Gasolina Gulf Max 946cm³', 8.67, 51, 'cno6LWnPhF.jpg', 'Aceite mineral Gulf Max 20W-50 para motores a gasolina, 946cm³. Protección básica para motores convencionales en diversas condiciones.'),
(812, 1, 5, 'Filtro de Aceite Wix 51040', 7.69, 55, 'JkExztjf7o.jpg', 'Filtro de aceite Wix 51040. Diseño premium con media sintética para máxima protección del motor. Compatible con varios modelos de vehículos.'),
(813, 1, 5, 'Filtro de Aceite Wix 51045', 4.22, 51, 'Yi9H5rxWC9.jpg', 'Filtro de aceite Wix 51045. Construcción robusta con válvula anti-drenaje, ideal para proteger motores de alto rendimiento.'),
(814, 1, 5, 'Lubricante de Silicon Multiproposito 3M 391ml', 16.73, 56, 's0YjmL6C7J.jpg', 'Lubricante de silicona multipropósito 3M en presentación de 391ml. Protege, lubrica y aísla componentes eléctricos y mecánicos.'),
(815, 1, 5, 'Liga de Frenos Dot 4 Premium Stron 290ml', 3.45, 51, 'nOyiekwIyc.jpg', 'Líquido de frenos Dot 4 Premium Stron 290ml. Alto punto de ebullición para sistemas de frenado modernos. Protege contra la corrosión.'),
(816, 1, 5, 'Lubricante Multiusos 4x4 VS 125 Cm³', 5.13, 57, 'hKvDv0ApA7.jpg', 'Lubricante multiusos 4x4 VS 125cm³. Ideal para cadenas, bisagras y componentes mecánicos que requieren lubricación pesada.'),
(817, 1, 5, 'FILTRO DE ACEITE FC57512 (ML-9814) FC', 4.64, 51, 'zcjY5rfK5S.jpg', 'Filtro de aceite FC57512 (ML-9814). Calidad FC, compatible con varios modelos de vehículos. Filtración eficiente para protección del motor.'),
(818, 1, 5, 'Llave Articulada Para Filtro de Aceite LLFAC1 60.3mm a 68mm', 8.29, 52, 'dJ6TBFb3uw.jpg', 'Llave articulada para filtro de aceite LLFAC1, medida 60.3mm. Herramienta especializada para facilitar el cambio de filtros de aceite.'),
(819, 1, 5, 'Aditivo Concentrado para Gasolina Mexlub 200ml', 2.14, 63, 'x-XCkNcd-6.jpg', 'Aditivo concentrado para gasolina Mexlub 200ml. Mejora el rendimiento del combustible, limpia inyectores y reduce emisiones.'),
(820, 1, 5, 'Aceite de Transmisión Full Sintético ATF D Vl Wolf 1L', 12.5, 62, 'BcNRFDfHdb.jpg', 'Aceite de transmisión automática full sintético ATF D VI Wolf. Protege componentes, reduce la fricción y prolonga la vida de la transmisión.'),
(821, 1, 5, 'Filtro de Aceite FC51040 FC', 4.86, 52, 'YZTWgHq20Z.jpg', 'Filtro de aceite FC51040. Calidad FC, compatible con varios modelos. Media filtrante de alta eficiencia para máxima protección del motor.'),
(822, 1, 5, 'FILTRO DE ACEITE FC57064 (ML-96796) FC', 3.79, 52, 'wKbO-q4CpB.jpg', 'Filtro de aceite FC57064 (ML-96796). Construcción robusta con válvula anti-drenaje, compatible con diversos modelos de vehículos.'),
(823, 1, 5, 'Aceite 4 Tiempos Para Motos 20W-50 Gulf Pride 4T Plus 946cm³', 8.89, 58, 'LOWjZ_QFvK.jpg', 'Aceite 4 tiempos para motos 20W-50 Gulf Pride 4T. Protege motores de motocicletas en condiciones extremas, evita el desgaste prematuro.'),
(824, 1, 5, 'FILTRO DE ACEITE FC57082 (ML-9018) FC', 4.21, 52, 'XpreTp_T6H.jpg', 'Filtro de aceite FC57082 (ML-9018). Diseño de alta calidad para protección óptima del motor. Compatibilidad específica para ciertos modelos.'),
(825, 1, 5, 'Abrillantador de Caucho Nero VS 360 Cm³', 5.5, 63, 'AqIZL05K_C.jpg', 'Abrillantador de caucho Nero VS 360cm³. Restaura el color negro original de llantas y molduras, protege contra rayos UV.'),
(826, 1, 5, 'Filtro de Aceite Wix 51042', 4.25, 51, 'rVW4jf0Y-L.jpg', 'Filtro de aceite Wix 51042. Media filtrante de alta capacidad, protege el motor contra partículas dañinas. Varias compatibilidades.'),
(827, 1, 5, 'Liga de Frenos Dot 4 Autotek 290ml', 4.2, 56, 'm5-MzpUczS.jpg', 'Líquido de frenos Dot 4 Autotek 290ml. Alto rendimiento para sistemas de frenado modernos. Punto de ebullición superior para seguridad.'),
(828, 1, 5, 'Liga de Frenos Dot 3 Autotek 290ml', 4.2, 54, 'MlR15tcMHZ.jpg', 'Líquido de frenos Dot 3 Autotek 290ml. Para sistemas de frenado convencionales. Protege contra la corrosión y oxidación.'),
(829, 1, 5, 'Limpiador de Carter y Motor Cardoc 450ml', 3.87, 55, 'l0ywyTg73v.jpg', 'Limpiador de carter y motor Cardoc 450ml. Elimina depósitos de aceite y suciedad acumulada en componentes del motor.'),
(830, 1, 5, 'Silicon Abrillantador Tapa Morada SQ 354cc', 6.43, 52, 'X983D_bXxO.jpg', 'Silicon abrillantador con tapa morada SQ 354cc. Restaura el brillo de plásticos y vinilos exteriores, protección duradera.'),
(831, 1, 5, 'Cuero para Secar Carros Pequeño Cardoc.', 4.53, 61, 'jm-4DBUqe5.jpg', 'Cuero para secar carros pequeño marca Cardoc. Absorbe agua eficientemente sin rayar la pintura, tamaño práctico para mantenimiento.'),
(832, 1, 5, 'Grasa Azul para Servicio Múltiple FC 100g', 1.32, 67, 'p2PaHa-CuV.jpg', 'Grasa azul para servicio múltiple FC 100g. Lubricante de alta resistencia para componentes mecánicos bajo carga y condiciones extremas.'),
(833, 1, 5, 'Limpiador de Motor SQ 354cc', 7.04, 72, 'yh_OWh5O2Z.jpg', 'Limpiador de motor SQ 354cc. Elimina grasa, aceite y suciedad acumulada en el compartimiento del motor. Fórmula potente y segura.'),
(834, 1, 5, 'Limpia Carburador SQ 354cc', 7.14, 70, '5o-oTJ5P9_.jpg', 'Limpia carburador SQ 354cc. Elimina depósitos de goma y resina en carburadores, inyectores y componentes del sistema de combustible.'),
(835, 1, 5, 'Silicon Abrillantador Tapa Roja SQ 354cc', 6.43, 52, 'dhprcuC8I4.jpg', 'Silicon abrillantador con tapa roja SQ 354cc. Restaura y protege superficies plásticas y de goma en el exterior del vehículo.'),
(836, 1, 5, 'Desengrasante Aerosol Dr Care 500ml', 5.14, 56, 'KadDjrn1dw.jpg', 'Desengrasante en aerosol Dr Care 500ml. Elimina grasa, aceite y suciedad pesada de componentes mecánicos y herramientas.'),
(837, 1, 5, 'Aceite de Motor Semi Sintético Ecotech 10W30 SP / RC G6 HC Wolf 1L', 10, 62, 'djhUo5_JVN.jpg', 'Aceite de motor semi sintético Ecotech 10W30 SP/GF-6. Protección avanzada para motores modernos, reduce la fricción y el desgaste.'),
(838, 1, 5, 'Aceite de Motor Full Sintético Ecotech 5W30 SP / RC D1-3 Wolf 1L', 11.43, 61, 'CyMk0xr6_m.jpg', 'Aceite de motor full sintético Ecotech 5W30 SP/GF-6. Máxima protección en arranques en frío y condiciones extremas de operación.'),
(839, 1, 5, 'Aceite de Transmision Automatica ATF + 4 Premium FC 946ml', 10.32, 54, 'GRNnMiR7ih.jpg', 'Aceite de transmisión automática ATF+4 Premium. Específicamente formulado para transmisiones modernas que requieren este estándar.'),
(840, 1, 5, 'Lubricante Multipropósito 5 Way Penetrante 3M 500ml', 10.21, 55, 'g1jcoofEg9.jpg', 'Lubricante multipropósito 5 Way Penetrante 3M 500ml. Lubrica, penetra, protege contra la corrosión, desplaza la humedad y limpia.'),
(841, 1, 5, 'Desengrasante Espumante para Motores 3M 488ml', 12.37, 59, 'SBHjoUXLDd.jpg', 'Desengrasante espumante para motores 3M 488ml. Elimina grasa y suciedad pesada del compartimiento del motor sin dañar componentes.'),
(842, 1, 5, 'Aceite de Motor Semi Sintetico 10W40 SN Wolf 1L', 10, 62, 'cm2Bwm6ie-.jpg', 'Aceite de motor semi sintético 10W40 SN Wolf 1L. Protección superior contra el desgaste para motores a gasolina y diésel.'),
(843, 1, 5, 'Aceite para Moto 4T 20W 50 Mexlub 946ml', 7.57, 60, 'rVtl5uJRtL.jpg', 'Aceite para moto 4T 20W50 Mexlub 946ml. Formulado específicamente para motocicletas de 4 tiempos, protección en condiciones extremas.'),
(844, 1, 5, 'Filtro de Aceite ML 3614 Millard', 4.43, 53, 'VFAW3P5kyi.jpg', 'Filtro de aceite ML3614 marca Millard. Construcción duradera para protección óptima del motor. Compatibilidad específica para ciertos modelos.'),
(845, 1, 5, 'Aceite para Motos 2 Tiempos Mexlub 250ml', 2.62, 65, 'Vg1ricAPmE.jpg', 'Aceite para motos 2 tiempos Mexlub 250ml. Lubricación de alta calidad para motores de 2 tiempos, previene carbonización.'),
(846, 1, 5, 'Filtro de Aceite ML 4967 Millard', 3.87, 52, 'WxpdBF9iFK.jpg', 'Filtro de aceite ML4967 marca Millard. Media filtrante de alta eficiencia, protege el motor contra partículas dañinas.'),
(847, 1, 5, 'Aceite Magnatec API SP Tecnología Sintética 20W-50 Castrol 946ml', 13.11, 56, 'Yu8gx1RFTM.jpg', 'Aceite Magnatec API SP tecnología sintética 20W-50. Protección inteligente que se adhiere a las partes del motor para mejor protección.'),
(848, 1, 5, 'Aceite Magnatec API SP Tecnología Sintética 10W-40 Castrol 946ml', 13.5, 57, 'sa-t39Wjv_.jpg', 'Aceite Magnatec API SP tecnología sintética 10W-40. Protección superior con moléculas que se adhieren a las superficies del motor.'),
(849, 1, 5, 'Liga de Frenos Dot 3 Premium Stron 290ml', 3.04, 53, 'KR_tL-SFll.jpg', 'Líquido de frenos Dot 3 Premium Stron 290ml. Para sistemas de frenado convencionales. Alto punto de ebullición y protección anticorrosiva.'),
(850, 1, 5, 'Filtro de Aceite Cardoc CD3593', 4.5, 58, 'MxS0ix9Lu0.jpg', 'Filtro de aceite Cardoc CD3593. Diseño de alta calidad para retener impurezas y proteger el motor. Compatibilidad específica para ciertos modelos.'),
(851, 1, 5, 'Filtro de Aceite Wix 51334', 10.99, 51, 'fECsasn6fj.jpg', 'Filtro de aceite Wix 51334. Construcción robusta con válvula anti-drenaje, media filtrante de alta capacidad para máxima protección.'),
(852, 1, 5, 'Lubricante Para Motores MX-4T KRS 946cm³', 7.48, 60, 'MKuWl6PX3P.jpg', 'Lubricante para motores MX-4T KRS 946cm³. Formulado específicamente para motores de 4 tiempos, protección en condiciones extremas.'),
(853, 1, 5, 'Algodón para Pulir Carros Kle 200g', 7.71, 62, 'mw1RdAyJXf.jpg', 'Algodón para pulir carros Kle 200g. Material suave y absorbente ideal para aplicar y remover productos de acabado sin rayar la pintura.'),
(854, 1, 5, 'Silicon Gris para Empacaduras Aladino 85cc', 2.34, 52, 'jrzU1iRW3I.jpg', 'Silicon gris para empacaduras Aladino 85cc. Sellador resistente a altas temperaturas, ideal para juntas de motor y escapes.'),
(855, 1, 5, 'Bujía Spark Plugs FCRE14MCC4 FC', 2.85, 62, 'yDUScCqtgn.jpg', 'Bujía Spark Plugs FCRE14MCC4 marca FC. Electrodo de platino para mayor durabilidad y mejor encendido. Compatibilidad específica.'),
(856, 1, 5, 'Toalla para Interiores Meguiar´s 30 Und', 13.6, 53, '8oyh3QjMYC.jpg', 'Toallas para interiores Meguiars 30 unidades. Paño suave para limpieza de tableros, plásticos y superficies interiores sin dejar pelusa.'),
(857, 1, 5, 'Ambientador para Carro Supernova Little Trees FC', 1.41, 64, 'HDEjcSNodo.jpg', 'Ambientador para carro Supernova Little Trees FC. Fragancia intensa y duradera que elimina olores desagradables del interior del vehículo.'),
(858, 1, 5, 'Silicona Abrillantadora Tapa Roja Cardoc 450 ml', 5.6, 51, 'PHtJylvmSy.jpg', 'Silicona abrillantadora tapa roja Cardoc 450ml. Restaura el brillo de plásticos exteriores y protege contra rayos UV y oxidación.'),
(859, 1, 5, 'Ambientador para Carro True North Little Trees FC', 1.41, 62, 'qCoKT-_lVu.jpg', 'Ambientador para carro True North Little Trees FC. Fragancia fresca y natural que neutraliza olores en el interior del automóvil.'),
(860, 1, 5, 'Ambientador para Carro Gold Little Trees FC', 1.41, 66, '81PIM2Metb.jpg', 'Ambientador para carro Gold Little Trees FC. Fragancia premium que deja un aroma sofisticado y duradero en el interior del vehículo.'),
(861, 1, 5, 'Ambientador para Carro Manzana Verde Little Trees FC', 1.41, 57, 'YY7eLDcFdw.jpg', 'Ambientador para carro Manzana Verde Little Trees FC. Aroma fresco y frutal que elimina olores desagradables del habitáculo.'),
(862, 1, 5, 'Ambientador para Carro Cotton Candy Little Trees FC', 1.41, 63, 'Wh627s_BNo.jpg', 'Ambientador para carro Cotton Candy Little Trees FC. Dulce fragancia algodon de azúcar que perfuma el interior del automóvil.'),
(863, 1, 5, 'Ambientador para Carro Bubble Gum Little Trees FC', 1.41, 51, 'Gi2lRhTPr_.jpg', 'Ambientador para carro Bubble Gum Little Trees FC. Divertida fragancia a chicle que neutraliza olores en el interior del vehículo.'),
(864, 1, 5, 'Ambientador para Carro Durazno Little Trees FC', 1.41, 59, '8o0eE4Cscc.jpg', 'Ambientador para carro Durazno Little Trees FC. Aroma frutal y dulce que deja un agradable perfume en el interior del automóvil.'),
(865, 1, 5, 'Ambientador para Carro Dragon Fruit Little Trees FC', 1.41, 56, 'KaRInz-_RS.jpg', 'Ambientador para carro Dragon Fruit Little Trees FC. Exótica fragancia a fruta del dragón que refresca el interior del vehículo.'),
(866, 1, 5, 'Aromatizante Cherry Blast Little Tree 30g', 5.32, 53, 'zVAySkYjuT.jpg', 'Aromatizante Cherry Blast Little Tree 30g. Intenso aroma a cereza que elimina malos olores y deja un perfume duradero en el auto.'),
(867, 1, 5, 'Shampoo para Autos Armorall 709ml', 5.7, 55, 'OGE5sXB1hR.jpg', 'Shampoo para autos Armorall 709ml. Limpieza profunda sin dañar la cera o sellador. Fórmula con protección UV para mantener el brillo.'),
(868, 1, 5, 'Ambientador Brisas del Mar Oceanic Car VS 80cm³', 5.5, 62, 'mPKNIPa1MX.jpg', 'Ambientador Brisas del Mar Oceanic Car VS 80cm³. Fragancia oceánica fresca que recrea el aroma del mar en tu vehículo.'),
(869, 1, 5, 'Ambientador Piña Colada Beach Car VS 80cm³', 5.5, 53, '2GX5ZQnxP2.jpg', 'Ambientador Piña Colada Beach Car VS 80cm³. Exótica fragancia tropical que transporta a la playa el interior de tu automóvil.'),
(870, 1, 5, 'Toalla de Microfibra 49cm x 60cm Meguiar´s 3 Und', 17.94, 54, '0OIfkvPdNu.jpg', 'Toalla de microfibra 49cm x 60cm Meguiars 3 unidades. Ultra suave para limpieza y secado sin rayar superficies pintadas o delicadas.'),
(871, 1, 5, 'Shampoo para Vehículos Mega 1L', 2.43, 62, 'p35_-NwtPw.jpg', 'Shampoo para vehículos Mega 1L. Limpieza profunda con espuma abundante, segura para todo tipo de pinturas y acabados.'),
(872, 1, 5, 'Alfombra Gris para Carro Universal 4 Piezas', 17.9, 51, 'Zshf5J0oYf.jpg', 'Alfombra gris universal para carro 4 piezas. Protege el piso del vehículo, fácil de limpiar y resistente a la humedad.'),
(873, 1, 5, 'Alfombra Negra para Carro Volkswagen 5 Piezas', 31.31, 52, '_efdYRBg7C.jpg', 'Alfombra negra para carro Volkswagen, juego de 5 piezas. Diseño específico para modelos Volkswagen, protege los pisos del vehículo y facilita la limpieza. Material resistente al agua y durable.'),
(874, 1, 5, 'Lustrador Abrillantador Splendor VS 360cm³', 6.6, 51, '1eWSELzj3T.jpg', 'Lustrador abrillantador Splendor VS 360cm³. Restaura el brillo de la pintura del automóvil, protege contra rayos UV y deja una capa protectora duradera. Fácil aplicación.'),
(875, 1, 5, 'Limpiavidrios repelente al Agua Hout VS 125ml', 5.5, 52, 'PUIozUfH-X.jpg', 'Limpiavidrios repelente al agua Hout VS 125ml. No solo limpia sino que también crea una capa hidrofóbica que mejora la visibilidad en lluvia. Ideal para parabrisas y ventanas.'),
(876, 1, 5, 'Lustrador de Rines VS 265 Cm³', 6.6, 53, 'LsSVRUKTKf.jpg', 'Lustrador de rines VS 265cm³. Elimina residuos de frenos y suciedad acumulada, dejando un brillo intenso en llantas de aleación y acero. Protege contra la corrosión.'),
(877, 1, 5, 'Ambientador Black Car VS 80g', 5.5, 56, 'guRsE3dFI8.jpg', 'Ambientador Black Car VS 80g. Fragancia intensa y elegante que elimina olores desagradables del interior del vehículo, dejando un aroma fresco y duradero.'),
(878, 1, 5, 'Desengrasante Multiuso VS 250 ml', 5.5, 57, 'D3XLruEUKL.jpg', 'Desengrasante multiuso VS 250ml. Fórmula potente que elimina grasa, aceite y suciedad pesada de motores, herramientas y componentes mecánicos. Biodegradable.'),
(879, 1, 5, 'Abrillantador de Caucho Nero VS 1L', 7.69, 54, 'iRpxcF4TzS.jpg', 'Abrillantador de caucho Nero VS 1L. Restaura el color negro original de neumáticos y molduras de goma. Protección UV prolongada que resiste el lavado.'),
(880, 1, 5, 'Abrillantador de Neumáticos Inaquim 1L', 3, 59, 'XsOjBqamt3.jpg', 'Abrillantador de neumáticos Inaquim 1L. Fórmula especial que realza el color negro de los cauchos sin efecto pegajoso. Protege contra agrietamiento.'),
(881, 1, 5, 'Lavado de Cera sin Agua Dr Marcus 750ml', 7.37, 51, 'ssm2_5PIwM.jpg', 'Lavado de cera sin agua Dr Marcus 750ml. Limpia, brilla y protege la pintura en un solo paso. Ideal para lavados rápidos sin necesidad de enjuague.'),
(882, 1, 5, 'Shampoo para Motores Castrol 300ml', 14.05, 60, 'tkRYM0e1I4.jpg', 'Shampoo para motores Castrol 300ml. Limpiador especializado que elimina grasa y suciedad acumulada en el compartimiento del motor sin dañar componentes.'),
(883, 1, 5, 'Compuesto para Frotar Meguiar´s 473ml', 13.56, 53, 'pXNYzXhLrH.jpg', 'Compuesto para frotar Meguiars 473ml. Elimina rayas leves, oxidación y defectos en la pintura. Restaura el brillo original antes de aplicar cera.'),
(884, 1, 5, 'Abrillantador en Silicon Mate Spray Limón Dr Marcus 500ml', 7.7, 52, 'ZxMi-hCqm4.jpg', 'Abrillantador en silicon mate spray limón Dr Marcus. Proporciona un acabado mate con protección duradera. Fragancia cítrica fresca. Ideal para interiores.'),
(885, 1, 5, 'Abrillantador en Silicon Mate Spray Vainilla Dr Marcus 500ml', 7.19, 52, '8-qNb1WDPM.jpg', 'Abrillantador en silicon mate spray vainilla Dr Marcus. Acabado mate con aroma a vainilla que protege y renueva superficies plásticas y de vinilo.'),
(886, 1, 5, 'Desengrasante para Cadena Motor Bike VS 265 cm³', 5.5, 55, '6S_TJaWddv.jpg', 'Desengrasante para cadena Motor Bike VS 265cm³. Fórmula especializada que elimina grasa pesada y residuos de cadenas de motocicletas sin dañar eslabones.'),
(887, 1, 5, 'Limpia Parabrisas 19´´ FC', 3.54, 70, 'EFXuS7ebP9.jpg', 'Limpia parabrisas 19 marca FC. Escobillas de alta calidad que proporcionan barrido uniforme y silencioso. Fácil instalación y larga duración.'),
(888, 1, 5, 'Limpia Parabrisas 21´´ FC', 3.57, 70, '6-CxZwlpMa.jpg', 'Limpia parabrisas 21 marca FC. Diseño aerodinámico para contacto perfecto con el vidrio, eliminando agua eficientemente sin ruidos molestos.'),
(889, 1, 5, 'Limpia Parabrisas 22\" FC', 5, 56, 'AB6dbnGcGS.jpg', 'Limpia parabrisas 22 marca FC. Tecnología de caucho premium que mantiene flexibilidad en climas extremos para máximo desempeño.'),
(890, 1, 5, 'Limpia Parabrisas 24´´ NC-0107 FC', 3.02, 52, 'USqkRobRRe.jpg', 'Limpia parabrisas 24 modelo NC-0107 FC. Larga duración con marco resistente a la corrosión. Barrido uniforme para excelente visibilidad.'),
(891, 1, 5, 'Limpia Parabrisas 21´´ NC-0107 FC', 1.9, 61, 'vB35Aa0_Bp.jpg', 'Limpia parabrisas 21\" modelo NC-0107 FC. Tecnología de presión uniforme para contacto perfecto con el parabrisas en todas las velocidades.'),
(892, 1, 5, 'Limpiador de Frenos VS 440 cm³', 7.69, 52, '0efXaxJmdR.jpg', 'Limpiador de frenos VS 440cm³. Elimina residuos de frenos, grasa y contaminantes de discos, tambores y componentes del sistema de frenado. Secado rápido.'),
(893, 1, 5, 'Silicon Ultrarrápido SQ 354g', 6.43, 69, 'sdQBraLrbr.jpg', 'Silicon ultrarrápido SQ 354g. Sellador de curado rápido para juntas y uniones. Resistente a temperaturas extremas, agua y productos químicos.'),
(894, 1, 5, 'Ambientador para Carro Fresa SQ 40cc', 4.1, 82, 'rn060NSJni.jpg', 'Ambientador para carro fresa SQ 40cc. Dulce fragancia a fresas maduras que neutraliza olores desagradables en el interior del vehículo.'),
(895, 1, 5, 'Caucho 195-60R15 88H ENERGY X2 5 Años de Garantia Morana', 50, 52, 'tWF9cusNDy.jpg', 'Caucho 195-60R15 88H ENERGY X2 con 5 años de garantía. Diseño de banda de rodamiento para excelente tracción en mojado y seco, bajo ruido.'),
(896, 1, 5, 'Caucho 175-70R13 82H ENERGY X1 5 Años de Garantia Morana', 37, 52, 'i3hVh7Rw0F.jpg', 'Caucho 175-70R13 82H ENERGY X1 con 5 años de garantía. Economía de combustible y durabilidad para vehículos compactos. Buen desempeño en diversas condiciones.'),
(897, 1, 5, 'Caucho 185-60R14 82H ENERGY X1 5 Años de Garantia Morana', 47, 54, 'LSDAP7eLgY.jpg', 'Caucho 185-60R14 82H ENERGY X1 con 5 años de garantía. Ideal para autos medianos, ofrece confort de marcha y buen agarre en curvas.'),
(898, 1, 5, 'Desengrasante para Manos con Fragancia a Mandarina Boncar 500ml', 4.83, 52, 'j9Z9P5ovQb.jpg', 'Desengrasante para manos con fragancia a mandarina. Elimina grasa y suciedad pesada mientras hidrata la piel. Fórmula no abrasiva con aroma cítrico refrescante.'),
(899, 1, 5, 'Filtro de Aceite Wix 951008', 5.02, 51, 'oGhTJ4xYeI.jpg', 'Filtro de aceite Wix 951008. Alta capacidad de filtrado con válvula anti-drenaje. Media sintética para protección superior del motor. Compatibilidad específica.'),
(900, 1, 5, 'Aceite 2 Tiempos JASON FB Gulf Pride 2T 946cm³', 8.06, 59, 'mEdaY-GXXU.jpg', 'Aceite 2 tiempos JASON FB Gulf Pride 2T 946cm³. Lubricante de alta calidad para motores de 2 tiempos, previene carbonización y depósitos.'),
(901, 1, 5, 'Filtro de Aceite Wix 51374', 3.83, 52, 'tjnjG_nDY_.jpg', 'Filtro de aceite Wix 51374. Construcción robusta con válvula de derivación. Retiene contaminantes para proteger componentes críticos del motor.'),
(902, 1, 5, 'Filtro de Aceite Wix 57502', 4.83, 51, 'FqUBYmO04a.jpg', 'Filtro de aceite Wix 57502. Diseño de alta capacidad con media filtrante sintética. Compatible con varios modelos de vehículos.'),
(903, 1, 5, 'Filtro de Aceite Wix 951841', 5.46, 51, '42NiwnxHQ3.jpg', 'Filtro de aceite Wix 951841. Filtración premium con válvula anti-drenaje. Protege el motor contra partículas dañinas en condiciones extremas.'),
(904, 1, 5, 'Restaurador de Faros Liquido A&DC 176g', 8.28, 71, 'MoG3liY3Rh.jpg', 'Restaurador de faros líquido A&DC 176g. Elimina amarillamiento y oxidación de faros plásticos, restaurando claridad y brillo. Fácil aplicación.'),
(905, 1, 5, 'Refrigerante para Carros Autotek 1 L', 6.84, 51, 'QYGQzq3WnH.jpg', 'Refrigerante para carros Autotek 1L. Protege contra congelamiento y sobrecalentamiento. Fórmula anticorrosiva para el sistema de enfriamiento.'),
(906, 1, 5, 'FILTRO DE ACEITE FC57060 ML10060) FC', 2.98, 51, 'IFpEgNoK0X.jpg', 'Filtro de aceite FC57060 (ML10060) FC. Construcción de alta calidad para protección óptima del motor. Compatibilidad específica para ciertos modelos.'),
(907, 1, 5, 'FILTRO DE ACEITE FC51334 (ML-3807) FC', 3.33, 52, 'YuL4Ho3Ibh.jpg', 'Filtro de aceite FC51334 (ML-3807) FC. Media filtrante de alta eficiencia que atrapa partículas dañinas. Válvula anti-drenaje incluida.'),
(908, 1, 5, 'Aceite de Transmisión Semisintético ATF Dexron lll Wolf 1L', 9.76, 62, 'sUe2OH3PeL.jpg', 'Aceite de transmisión semisintético ATF Dexron lll Mercon. Para cajas automáticas, proporciona suave operación y protección contra el desgaste.'),
(909, 1, 5, 'FILTRO DE ACEITE FC57082 (ML-9018) FC', 4.21, 52, 'XpreTp_T6H.jpg', 'Filtro de aceite FC57082 (ML-9018) FC. Diseño robusto con válvula de derivación. Filtración eficiente para prolongar la vida del motor.'),
(910, 1, 5, 'Aceite 4 Tiempos Para Motos Mineral 20W-50 Para Gasolina FC 946cm³', 6.48, 56, 'Bt0Vk27Q42.jpg', 'Aceite 4 tiempos para motos mineral 20W-50 para gasolina. Protección básica para motores de motocicletas en diversas condiciones de operación.'),
(911, 1, 5, 'Filtro de Aceite Wix 51394', 7.69, 53, 'kgjbG4_X7h.jpg', 'Filtro de aceite Wix 51394. Alta capacidad de retención de contaminantes. Construcción duradera para protección prolongada del motor.'),
(912, 1, 5, 'Grasa para Extrema Presión Multipropósito FC 100g', 1.17, 64, '7ZGm2IAKZk.jpg', 'Grasa para extrema presión multipropósito FC 100g. Lubricante de alta resistencia para componentes bajo carga pesada y condiciones extremas.'),
(913, 1, 5, 'Silicon Abrillantador Tapa Marron SQ 354cc', 6.43, 64, 'qM9I9xmGy4.jpg', 'Silicon abrillantador tapa marrón SQ 354cc. Restaura y protege superficies plásticas exteriores del vehículo. Resistente a la intemperie.'),
(914, 1, 5, 'Grasa Grafitada FC 100g', 1.23, 75, '3hgObwaLOC.jpg', 'Grasa grafitada FC 100g. Lubricante especial con partículas de grafito para aplicaciones de alta temperatura y condiciones severas.'),
(915, 1, 5, 'Grasa Fibrosa para rodamiento FC 100g', 0.92, 56, 'oqunPeG1Gu.jpg', 'Grasa fibrosa para rodamiento FC 100g. Formulada específicamente para rodamientos que operan bajo carga y velocidad. Reduce la fricción.'),
(916, 1, 5, 'Antideslizante para Correa 70-12 SQ 160cc', 4.29, 56, 'HJQJD_Pf9U.jpg', 'Antideslizante para correa 70-12 SQ 160cc. Reduce el resbalamiento de correas de transmisión, prolongando su vida útil. Fácil aplicación.'),
(917, 1, 5, 'Aceite de Motor Full Sintético 5W40 Wolf 1L', 11.43, 62, '0t8Kk5ISUp.jpg', 'Aceite de motor full sintético 5W40 Wolf 1L. Protección superior en arranques en frío y altas temperaturas. Para motores modernos exigentes.'),
(918, 1, 5, 'Aceite Multigrado + Aditivo1 20W50 Mexlub 946ml', 8.86, 60, 'EjYDwi5Ccb.jpg', 'Aceite multigrado 20W50 Mexlub con aditivo1, 946ml. Protección contra el desgaste para motores a gasolina en diversas condiciones.'),
(919, 1, 5, 'Filtro de Aceite ML 61759 Millard', 5.67, 52, '6btW0K6PEC.jpg', 'Filtro de aceite ML 61759 Millard. Alta eficiencia de filtrado con construcción robusta. Compatibilidad específica para ciertos modelos de vehículos.'),
(920, 1, 5, 'Filtro de Aceite ML 20004 Millard', 4.74, 53, '4WtUMWqCbP.jpg', 'Filtro de aceite ML 20004 Millard. Media filtrante de alta calidad que atrapa partículas dañinas. Válvula anti-drenaje incluida.'),
(921, 1, 5, 'Filtro de Aceite ML 3807 Millard', 4.47, 52, '35LAttN9F3.jpg', 'Filtro de aceite ML 3807 Millard. Diseño duradero para protección óptima del motor. Filtración eficiente en condiciones diversas.'),
(922, 1, 5, 'Aceite API SP Mineral GTX Castro 20W-50 1L', 12.13, 61, 'IL_pOybD3J.jpg', 'Aceite API SP mineral GTX Castrol 20W-50 1L. Protección básica para motores convencionales. Reduce la fricción y el desgaste.'),
(923, 1, 5, 'Píldora de Ahorro para Combustible Govvi 5 Und', 28.57, 62, 'Gkbs1YODzP.jpg', 'Píldora de ahorro para combustible Govvi 5 unidades. Aditivo que mejora la combustión, reduciendo consumo y emisiones. Fácil de usar.'),
(924, 1, 5, 'Aceite Actevo 4T API SL Jaso Ma2 y Ma Tecnología Sintética 20W-50 Castrol 1L', 11.99, 56, 'S5tfnvh962.jpg', 'Aceite Actevo 4T API SL Jaso Ma2 y Ma tecnología sintética. Específico para motocicletas de 4 tiempos, protección superior en condiciones extremas.'),
(925, 1, 5, 'Fluido de Transmisión Automática Transmax Domestic Dex/Merc Castrol 946ml', 11.77, 58, 'OG8NUenDcH.jpg', 'Fluido de transmisión automática Transmax Domestic Multi-Vehicle. Compatible con múltiples marcas, proporciona suave operación y protección.'),
(926, 1, 5, 'Agua para Automotriz Speed 7 750ml', 1.14, 52, 'FBwOFNpkFG.jpg', 'Agua para automotriz Speed 7 750ml. Limpia y protege el sistema de enfriamiento. Previene corrosión y depósitos minerales.'),
(927, 1, 5, 'Shampoo para Autos Inaquim 1l', 2.71, 55, 'xYQVioKYrN.jpg', 'Shampoo para autos Inaquim 1L. Limpieza profunda con espuma abundante que no daña la cera o sellador. Seguro para todo tipo de pinturas.'),
(928, 1, 5, 'Bujia Spark FCRC9YC FC', 1.79, 52, 'tSZoXGKvEg.jpg', 'Bujía Spark FCRC9YC FC. Electrodo de cobre para mejor conductividad térmica. Compatibilidad específica para ciertos modelos de vehículos.'),
(929, 1, 5, 'Bujía Spark Plugs FCRE14MCC4 FC', 2.85, 62, 'yDUScCqtgn.jpg', 'Bujía Spark Plugs FCRE14MCC4 FC. Electrodo de platino para mayor durabilidad y mejor encendido. Reduce la erosión del electrodo.'),
(930, 1, 5, 'Bujia Spark Plugs FCRC10DMC FC', 2.01, 54, 'zC6sPH9Ywe.jpg', 'Bujía Spark Plugs FCRC10DMC FC. Diseño de doble electrodo para mayor eficiencia en la combustión. Compatibilidad específica.'),
(931, 1, 5, 'Lustrador de Caucho Liquido Dr Care 240ml', 3.74, 51, 'D56kVxddL_.jpg', 'Lustrador de caucho líquido Dr Care 240ml. Restaura el color negro de neumáticos y molduras. Protección UV duradera con acabado brillante.'),
(932, 1, 5, 'Limpiador de Tapicería Gold Class Meguiar´s 450ml', 18.03, 52, 'v1QFbzsGGd.jpg', 'Limpiador de tapicería Gold Class Meguiars 450ml. Elimina manchas y suciedad de asientos, alfombras y paneles de puertas. No deja residuos.'),
(933, 1, 5, 'Ambientador Intesi Car Aroma Cítrico VS 80 Cm³', 4.4, 62, 'oEkqg2lzdk.jpg', 'Ambientador Intesi Car aroma cítrico VS 80cm³. Fragancia fresca y vigorizante que neutraliza olores desagradables en el interior del auto.'),
(934, 1, 5, 'Ambientador para Carro Leather Little Trees FC', 1.41, 51, 'Sbzns3Vc-f.jpg', 'Ambientador para carro Leather Little Trees FC. Elegante fragancia a cuero nuevo que perfuma el habitáculo con un aroma sofisticado.'),
(935, 1, 5, 'Ambientador para Carro Rose Thorn Little Trees FC', 1.41, 54, 'P4aReC2tGr.jpg', 'Ambientador para carro Rose Thorn Little Trees FC. Aroma floral a rosas frescas que crea un ambiente agradable en el interior del vehículo.'),
(936, 1, 5, 'Ambientador para Carro Caribbean Colada Little Trees FC', 1.41, 55, '3KGTwLVmPZ.jpg', 'Ambientador para carro Caribbean Colada Little Trees FC. Exótica fragancia tropical que transporta a las islas del caribe tu automóvil.'),
(937, 1, 5, 'Ambientador de Cereza SQ 40ml', 3.29, 53, 'iqWrWkNSMz.jpg', 'Ambientador de cereza SQ 40ml. Intenso aroma a cereza madura que elimina malos olores y deja un perfume duradero en el interior del auto.'),
(938, 1, 5, 'Silicona Abrillantadora Tapa Azul Cardoc 450ml', 5.6, 56, '9U3pFQtfEC.jpg', 'Silicona abrillantadora tapa azul Cardoc 450ml. Restaura el brillo de plásticos exteriores y protege contra rayos UV. Fácil aplicación.'),
(939, 1, 5, 'Alfombra Negra para Carro Mitsubishi 5 Piezas', 31.31, 52, 'LtB7aJIiPA.jpg', 'Alfombra negra para carro Mitsubishi, juego de 5 piezas. Diseño específico para modelos Mitsubishi, protege los pisos del vehículo contra suciedad y humedad.'),
(940, 1, 5, 'Alfombra Negra para Carro Peugeot 5 Piezas', 31.31, 52, 'iu3t32MPrY.jpg', 'Alfombra negra para carro Peugeot, juego de 5 piezas. Moldeada específicamente para modelos Peugeot, fácil de limpiar y resistente al desgaste.'),
(941, 1, 5, 'Alfombra Negra para Carro Renault 5 Piezas', 31.31, 52, 'R1DAsdMwno.jpg', 'Alfombra negra para carro Renault, juego de 5 piezas. Diseño exacto para modelos Renault, protege los pisos originales del vehículo.'),
(942, 1, 5, 'Alfombra Gris para Carro Universal 3 Piezas', 23.1, 51, '9f5PSZb4qn.jpg', 'Alfombra gris para carro universal, juego de 3 piezas. Ajustable a múltiples modelos, material resistente al agua y fácil de limpiar.'),
(943, 1, 5, 'Limpia Automotriz VS 440 Cm³', 9.89, 52, 'K7uZtAtF91.jpg', 'Limpia automotriz VS 440cm³. Limpiador multiusos para interior y exterior del vehículo. Elimina suciedad sin dañar superficies.'),
(944, 1, 5, 'Lustrador Abrillantador Piña Colada Splendor VS 125 Cm³', 5.5, 53, 'T-FK62rBcZ.jpg', 'Lustrador abrillantador piña colada Splendor VS 125cm³. No solo brinda protección y brillo a la pintura, sino que también deja un agradable aroma tropical.'),
(945, 1, 5, 'Limpia Vidrio Antiempañante VS 1L', 5.5, 53, 'DK3aLjFF7V.jpg', 'Limpia vidrio antiempañante VS 1L. Previene la formación de vaho en los cristales, mejorando la visibilidad en climas fríos y húmedos.'),
(946, 1, 5, 'Lustrador Abrillantador Fresh Splendor VS 125 Cm³', 4.4, 53, 'w0aFHAjCmD.jpg', 'Lustrador abrillantador Fresh Splendor VS 125cm³. Proporciona brillo y protección a la pintura con un aroma fresco y limpio. Fácil aplicación.'),
(947, 1, 5, 'Esponja de Microfibra Cardoc', 7.14, 55, 'RB44G14Eqj.jpg', 'Esponja de microfibra Cardoc. Ideal para lavado y secado del vehículo sin rayar la pintura. Alta absorción y suavidad.'),
(948, 1, 5, 'Esponja para Auto La Universal', 2.11, 56, '5czD8f9hjU.jpg', 'Esponja para auto La Universal. Diseño especial para lavado de vehículos, retiene suciedad sin rayar superficies pintadas.'),
(949, 1, 5, 'Limpiador de Frenos Motor Bike 130 Cm³', 5.5, 62, '5B0Hnm6lDO.jpg', 'Limpiador de frenos Motor Bike 130cm³. Específico para sistemas de frenado de motocicletas. Elimina residuos de pastillas sin dañar componentes.'),
(950, 1, 5, 'Desengrasante de Chasis y Motor Boncar 3.78L', 33.41, 54, 'TGjevBqNI_.jpg', 'Desengrasante de chasis y motor Boncar 3.78L. Fórmula potente para limpieza profunda de componentes mecánicos. Economico en presentación grande.'),
(951, 1, 5, 'Limpiador de Vidrio Perfect Clarity de Meguiar\'s 709ml', 14.34, 53, 'tPaQBKVN8m.jpg', 'Limpiador de vidrio Perfect Clarity de Meguiars 710ml. Elimina manchas, residuos y marcas de agua sin dejar rayas. Para cristales impecables.'),
(952, 1, 5, 'Limpia Vidrios Antienpañante VS 250ml', 5.5, 57, 'IjfR7piQnH.jpg', 'Limpia vidrios antiempañante VS 250ml. Previene la condensación en parabrisas y ventanas, mejorando la visibilidad en climas húmedos.'),
(953, 1, 5, 'Limpiador de Motor Motor Bike VS 265 Cm³', 5.5, 53, 'Dg6SbWHkng.jpg', 'Limpiador de motor Motor Bike VS 265cm³. Especializado para limpieza de motores de motocicletas. Elimina grasa y suciedad sin dañar componentes.'),
(954, 1, 5, 'Desengrasante para Cadena Motor Bike 130Cm³', 3.3, 55, 'th3HcoMf0i.jpg', 'Desengrasante para cadena Motor Bike 130cm³. Fórmula potente que disuelve grasa y residuos de cadenas de moto sin dañar los eslabones.'),
(955, 1, 5, 'Removedor de Pintura 70-4 SQ 354ml', 9.19, 53, 'd-iJ-osA9K.jpg', 'Removedor de pintura 70-4 SQ 354ml. Elimina pintura vieja y descarapelada de superficies metálicas. Preparación ideal para repintado.'),
(956, 1, 5, 'Restaurador de Plástico Ultimate Black Meguiar´s 355ml', 17.61, 53, 'f-bu8XIvuR.jpg', 'Restaurador de plástico Ultimate Black Meguiars 354ml. Revive plásticos exteriores opacos y descoloridos, devolviendo el color negro original con protección UV.'),
(957, 1, 1, '1212', 1212, 2, 'img_6813e6753ef141.43883609.gif', '1212'),
(959, 1, 5, 'prueba 22323', 1, 1, 'img_6813e664dddeb5.32332860.png', '32323'),
(960, 2, 2, 'prueba de un nombre 333', 60.5, 10, 'img_6813e652cf6567.55435475.png', 'descripcuion de prueba ddddd'),
(961, 1, 2, 'producto 2', 15.6, 12, 'img_68167ecce669e6.18468453.gif', 'descripcuion de prueba ddddd');

-- --------------------------------------------------------

--
-- Estructura de tabla para la tabla `roles`
--

CREATE TABLE `roles` (
  `idrol` int NOT NULL,
  `rol` varchar(50) NOT NULL
) ENGINE=InnoDB DEFAULT CHARSET=utf8mb4 COLLATE=utf8mb4_0900_ai_ci;

--
-- Volcado de datos para la tabla `roles`
--

INSERT INTO `roles` (`idrol`, `rol`) VALUES
(1, 'Administrador'),
(2, 'Finanzas'),
(3, 'Operador');

-- --------------------------------------------------------

--
-- Estructura de tabla para la tabla `usuarios`
--

CREATE TABLE `usuarios` (
  `idusuario` int NOT NULL,
  `idestatus` int NOT NULL,
  `idrol` int NOT NULL,
  `nombre` varchar(50) NOT NULL,
  `apellido` varchar(50) NOT NULL,
  `correo` varchar(100) NOT NULL,
  `telefonos` varchar(50) NOT NULL,
  `clave` varchar(250) CHARACTER SET utf8mb4 COLLATE utf8mb4_0900_ai_ci NOT NULL,
  `direccion` text NOT NULL
) ENGINE=InnoDB DEFAULT CHARSET=utf8mb4 COLLATE=utf8mb4_0900_ai_ci;

--
-- Volcado de datos para la tabla `usuarios`
--

INSERT INTO `usuarios` (`idusuario`, `idestatus`, `idrol`, `nombre`, `apellido`, `correo`, `telefonos`, `clave`, `direccion`) VALUES
(1, 1, 1, 'Juan', 'Pérez', 'juan.perez@example.com', '555-1234, 555-5678', 'Xy3$7z9!', 'Calle 123'),
(2, 1, 1, 'María', 'López', 'maria.lopez@example.com', '555-9876', 'A#5b@9c', 'Avenida 456'),
(3, 2, 2, 'Pedro', 'Gómez', 'pedro.gomez@example.com', '555-4321, 555-8765', 'P!2d@8g', 'Calle 789'),
(4, 1, 2, 'Ana', 'Rodríguez', 'ana.rodriguez@example.com', '555-1111, 555-2222', 'A@7r#9z!', 'Avenida 789'),
(5, 2, 2, 'Luis', 'García', 'luis.garcia@example.com', '555-3333', 'L!5g#9c$', 'Calle 456'),
(6, 1, 2, 'Laura', 'Martínez', 'laura.martinez@example.com', '555-4444, 555-5555', 'M#7t@9z!', 'Avenida 123'),
(7, 2, 2, 'Carlos', 'Sánchez', 'carlos.sanchez@example.com', '555-6666', 'S@5c#9z!', 'Calle 789'),
(8, 1, 3, 'Andrea', 'Torres', 'andrea.torres@example.com', '555-7777, 555-8888', 'T!3r@9s#', 'Avenida 456'),
(9, 2, 3, 'Alejandro', 'Vargas', 'alejandro.vargas@example.com', '555-9999', 'V@5g#9s!', 'Calle 123'),
(10, 1, 3, 'Carolina', 'Ramírez', 'carolina.ramirez@example.com', '555-0000, 555-1234', 'R#7m@9z!', 'Avenida 789'),
(11, 1, 1, 'william arteaga', 'arteaga', 'prueba@gmail.com', '02417854212', '$2y$10$1msBHM2h5FVUp2FRcFiDHu.KJnM45dlwSv.jRLHIDF/D3uhey70MC', 'valencia'),
(12, 1, 1, 'william arteaga', 'arteaga', 'prueba13@gmail.com', '02417854212', '$2y$10$romHrQ4tnuO0ORrfRPquO.GZTlQU.eXmliXdPU6KW3GRnMQHyzTji', 'valencia'),
(13, 1, 2, 'carlos', 'duarte', 'carlos@gmail.com', '02417854212', '$2y$10$wcVwckhetNmBIHRyYswDuOdE8tYkQMhX.PYfyuoR.kpcitYKG4kjK', 'valencia');

--
-- Índices para tablas volcadas
--

--
-- Indices de la tabla `categorias`
--
ALTER TABLE `categorias`
  ADD PRIMARY KEY (`idcategoria`),
  ADD KEY `idestatus` (`idestatus`);

--
-- Indices de la tabla `estatus`
--
ALTER TABLE `estatus`
  ADD PRIMARY KEY (`idestatus`);

--
-- Indices de la tabla `productos`
--
ALTER TABLE `productos`
  ADD PRIMARY KEY (`idproducto`),
  ADD KEY `idcategoria` (`idcategoria`),
  ADD KEY `idestatus` (`idestatus`);

--
-- Indices de la tabla `roles`
--
ALTER TABLE `roles`
  ADD PRIMARY KEY (`idrol`);

--
-- Indices de la tabla `usuarios`
--
ALTER TABLE `usuarios`
  ADD PRIMARY KEY (`idusuario`),
  ADD KEY `idestatus` (`idestatus`),
  ADD KEY `idrol` (`idrol`);

--
-- AUTO_INCREMENT de las tablas volcadas
--

--
-- AUTO_INCREMENT de la tabla `categorias`
--
ALTER TABLE `categorias`
  MODIFY `idcategoria` int NOT NULL AUTO_INCREMENT, AUTO_INCREMENT=10;

--
-- AUTO_INCREMENT de la tabla `estatus`
--
ALTER TABLE `estatus`
  MODIFY `idestatus` int NOT NULL AUTO_INCREMENT, AUTO_INCREMENT=3;

--
-- AUTO_INCREMENT de la tabla `productos`
--
ALTER TABLE `productos`
  MODIFY `idproducto` int NOT NULL AUTO_INCREMENT, AUTO_INCREMENT=962;

--
-- AUTO_INCREMENT de la tabla `roles`
--
ALTER TABLE `roles`
  MODIFY `idrol` int NOT NULL AUTO_INCREMENT, AUTO_INCREMENT=4;

--
-- AUTO_INCREMENT de la tabla `usuarios`
--
ALTER TABLE `usuarios`
  MODIFY `idusuario` int NOT NULL AUTO_INCREMENT, AUTO_INCREMENT=14;
COMMIT;

/*!40101 SET CHARACTER_SET_CLIENT=@OLD_CHARACTER_SET_CLIENT */;
/*!40101 SET CHARACTER_SET_RESULTS=@OLD_CHARACTER_SET_RESULTS */;
/*!40101 SET COLLATION_CONNECTION=@OLD_COLLATION_CONNECTION */;
